Employee_Name,EmpID,MarriedID,MaritalStatusID,GenderID,EmpStatusID,DeptID,PerfScoreID,FromDiversityJobFairID,Salary,Termd,PositionID,Position,State,Zip,DOB,Sex,MaritalDesc,CitizenDesc,HispanicLatino,RaceDesc,DateofHire,DateofTermination,TermReason,EmploymentStatus,Department,ManagerName,ManagerID,RecruitmentSource,PerformanceScore,EngagementSurvey,EmpSatisfaction,SpecialProjectsCount,LastPerformanceReview_Date,DaysLateLast30,Absences,Exit_Interview_Feedback,Internal_Transfer_Request,Avg_Overtime_Hours,Distance_From_Home_Km,Remote_Work_Frequency,Age
"Adinolfi, Wilson  K",10026,0,0,1,1,5,4,0,62506.0,0,19,22,10,1960,1983-07-10,1,3,2,No,5,7/5/2011,11/4/2015,3.0,Active,3,Michael Albert,22.0,LinkedIn,Exceeds,4.6,5,0,1/17/2019,0,1,N/A - Still Employed,No request made,6.7,23.8,1,41
"Ait Sidi, Karthikeyan",10084,1,1,1,5,3,3,0,104437.0,1,27,30,10,2148,2075-05-05,1,1,2,No,5,3/30/2015,6/16/2016,5.0,Voluntarily Terminated,2,Simon Roup,4.0,Indeed,Fully Meets,4.96,3,6,2/24/2016,0,17,Commute was becoming too taxing on my work-life balance.,No request made,10.5,33.0,5,40
"Akinkuolie, Sarah",10196,1,1,0,5,5,3,0,64955.0,1,20,23,10,1810,1988-09-19,0,1,2,No,5,7/5/2011,9/24/2012,7.0,Voluntarily Terminated,3,Kissy Sullivan,20.0,LinkedIn,Fully Meets,3.02,3,0,5/15/2012,0,3,Management style didn't align with my personal work ethics.,No request made,8.4,31.1,0,36
"Alagbe,Trina",10088,1,1,0,1,5,3,0,64991.0,0,19,22,10,1886,1988-09-27,0,1,2,No,5,1/7/2008,11/4/2015,3.0,Active,3,Elijiah Gray,16.0,Indeed,Fully Meets,4.84,5,0,1/3/2019,0,15,N/A - Still Employed,No request made,2.4,33.1,0,36
"Anderson, Carol",10069,0,2,0,5,5,3,0,50825.0,1,19,22,10,2169,1989-09-08,0,0,2,No,5,7/11/2011,9/6/2016,16.0,Voluntarily Terminated,3,Webster Butler,39.0,Google Search,Fully Meets,5.0,4,0,2/1/2016,0,2,Commute was becoming too taxing on my work-life balance.,No request made,0.3,41.8,0,35
"Anderson, Linda",10002,0,0,0,1,5,4,0,57568.0,0,19,22,10,1844,1977-05-22,0,3,2,No,5,1/9/2012,11/4/2015,3.0,Active,3,Amy Dunn,11.0,LinkedIn,Exceeds,5.0,5,0,1/7/2019,0,15,N/A - Still Employed,Wants to move from Production to Admin for better hours.,12.4,31.7,0,47
"Andreola, Colby",10194,0,0,0,1,4,3,0,95660.0,0,24,27,10,2110,1979-05-24,0,3,2,No,5,11/10/2014,11/4/2015,3.0,Active,5,Alex Sweetwater,10.0,LinkedIn,Fully Meets,3.04,3,4,1/2/2019,0,19,N/A - Still Employed,No request made,12.7,24.9,5,45
"Athwal, Sam",10062,0,4,1,1,5,3,0,59365.0,0,19,22,10,2199,1983-02-18,1,4,2,No,5,9/30/2013,11/4/2015,3.0,Active,3,Ketsia Liebig,19.0,Employee Referral,Fully Meets,5.0,4,0,2/25/2019,0,19,N/A - Still Employed,Looking for a role with more client interaction.,0.1,45.0,0,41
"Bachiochi, Linda",10114,0,0,0,3,5,3,1,47837.0,0,19,22,10,1902,2070-02-11,0,3,2,No,2,7/6/2009,11/4/2015,3.0,Active,3,Brannon Miller,12.0,Diversity Job Fair,Fully Meets,4.46,3,0,1/25/2019,0,4,N/A - Still Employed,No request made,7.8,8.4,0,40
"Bacong, Alejandro",10250,0,2,1,1,3,3,0,50178.0,0,14,17,10,1886,1988-01-07,1,0,2,No,5,1/5/2015,11/4/2015,3.0,Active,2,Peter Monroe,7.0,Indeed,Fully Meets,5.0,5,6,2/18/2019,0,16,N/A - Still Employed,No request made,8.4,29.3,5,36
"Baczenski, Rachael",10252,1,1,0,5,5,3,1,54670.0,1,19,22,10,1902,2074-01-12,0,1,2,Yes,2,1/10/2011,1/12/2017,0.0,Voluntarily Terminated,3,David Stanley,14.0,Diversity Job Fair,Fully Meets,4.2,4,0,1/30/2016,0,12,Personal reasons related to family relocation.,Wants to move from Production to Admin for better hours.,13.7,6.0,0,40
"Barbara, Thomas",10242,1,1,1,5,5,3,1,47211.0,1,19,22,10,2062,2074-02-21,1,1,2,Yes,2,4/2/2012,9/19/2016,17.0,Voluntarily Terminated,3,Kissy Sullivan,20.0,Diversity Job Fair,Fully Meets,4.2,3,0,5/6/2016,0,15,Felt the growth opportunities were limited in the current department.,No request made,7.3,17.7,0,40
"Barbossa, Hector",10012,0,2,1,1,3,4,1,92328.0,0,9,6,23,78230,1988-07-04,1,0,2,No,2,11/10/2014,11/4/2015,3.0,Active,2,Simon Roup,4.0,Diversity Job Fair,Exceeds,4.28,4,5,2/25/2019,0,9,N/A - Still Employed,No request made,13.6,38.3,4,36
"Barone, Francesco  A",10265,0,0,1,1,5,3,0,58709.0,0,19,22,10,1810,1983-07-20,1,3,2,No,4,2/20/2012,11/4/2015,3.0,Active,3,Kelley Spirea,18.0,Google Search,Fully Meets,4.6,4,0,2/14/2019,0,7,N/A - Still Employed,No request made,6.9,33.2,0,41
"Barton, Nader",10066,0,2,1,5,5,3,0,52505.0,1,19,22,10,2747,1977-07-15,1,0,2,No,5,9/24/2012,4/6/2017,0.0,Voluntarily Terminated,3,Michael Albert,22.0,On-line Web application,Fully Meets,5.0,5,0,3/2/2017,0,1,Found a position that allows for 100% remote work.,No request made,5.1,25.9,0,47
"Bates, Norman",10061,0,0,1,4,5,3,0,57834.0,1,19,22,10,2050,1981-10-18,1,3,2,No,5,2/21/2011,8/4/2017,4.0,Terminated for Cause,3,Kelley Spirea,18.0,Google Search,Fully Meets,5.0,4,0,4/5/2017,0,20,Commute was becoming too taxing on my work-life balance.,No request made,1.0,29.4,0,43
"Beak, Kimberly",10023,1,1,0,2,5,4,0,70131.0,0,20,23,10,2145,2066-04-17,0,1,2,No,5,7/21/2016,11/4/2015,3.0,Active,3,Kelley Spirea,18.0,Employee Referral,Exceeds,4.4,3,0,1/14/2019,0,16,N/A - Still Employed,No request made,13.9,30.3,0,40
"Beatrice, Courtney",10055,0,0,0,1,5,3,0,59026.0,0,19,22,10,1915,2070-10-27,0,3,0,No,5,4/4/2011,11/4/2015,3.0,Active,3,Elijiah Gray,16.0,Google Search,Fully Meets,5.0,5,0,1/14/2019,0,12,N/A - Still Employed,No request made,1.3,22.6,0,40
"Becker, Renee",10245,0,0,0,4,3,3,0,110000.0,1,8,9,10,2026,1986-04-04,0,3,2,Yes,5,7/7/2014,9/12/2015,13.0,Terminated for Cause,2,Simon Roup,4.0,Google Search,Fully Meets,4.5,4,5,1/15/2015,0,8,Seeking a more innovative company culture.,No request made,3.8,49.5,4,38
"Becker, Scott",10277,0,0,1,3,5,3,0,53250.0,0,19,22,10,2452,1979-04-06,1,3,2,No,1,7/8/2013,11/4/2015,3.0,Active,3,Webster Butler,14.570957095709572,LinkedIn,Fully Meets,4.2,4,0,1/11/2019,0,13,N/A - Still Employed,No request made,1.9,33.3,0,45
"Bernstein, Sean",10046,0,0,1,1,5,3,0,51044.0,0,19,22,10,2072,2070-12-22,1,3,2,Yes,5,4/2/2012,11/4/2015,3.0,Active,3,Amy Dunn,11.0,Google Search,Fully Meets,5.0,3,0,1/14/2019,0,13,N/A - Still Employed,No request made,0.9,4.6,0,40
"Biden, Lowan  M",10226,0,2,0,1,5,3,0,64919.0,0,19,22,10,2027,2058-12-27,0,0,2,No,1,8/19/2013,11/4/2015,3.0,Active,3,Ketsia Liebig,19.0,Indeed,Fully Meets,4.2,3,0,1/10/2019,0,2,N/A - Still Employed,No request made,7.4,7.6,1,40
"Billis, Helen",10003,1,1,0,1,5,4,0,62910.0,0,19,22,10,2031,1989-09-01,0,1,2,No,5,7/7/2014,11/4/2015,3.0,Active,3,Brannon Miller,12.0,Indeed,Exceeds,5.0,3,0,2/27/2019,0,19,N/A - Still Employed,No request made,5.1,30.2,1,35
"Blount, Dianna",10294,0,0,0,1,5,2,0,66441.0,0,20,23,10,2171,1990-09-21,0,3,2,No,5,4/4/2011,11/4/2015,3.0,Active,3,Michael Albert,22.0,CareerBuilder,Needs Improvement,2.0,3,0,2/27/2019,2,3,N/A - Still Employed,No request made,9.6,41.0,0,34
"Bondwell, Betsy",10267,0,0,0,5,5,3,0,57815.0,1,20,23,10,2210,2067-01-16,0,3,2,No,5,1/10/2011,4/4/2014,5.0,Voluntarily Terminated,3,Elijiah Gray,16.0,Google Search,Fully Meets,4.8,5,0,3/4/2014,0,5,Felt the growth opportunities were limited in the current department.,No request made,0.9,16.3,0,40
"Booth, Frank",10199,0,0,1,4,3,3,0,103613.0,1,30,12,4,6033,2064-07-30,1,3,2,No,2,2/17/2014,2/19/2016,2.0,Terminated for Cause,2,Simon Roup,4.0,LinkedIn,Fully Meets,3.5,5,7,1/10/2016,0,2,Management style didn't align with my personal work ethics.,No request made,7.5,28.4,4,40
"Boutwell, Bonalyn",10081,1,1,0,1,1,3,1,106367.0,0,26,29,10,2468,1987-04-04,0,1,2,No,2,2/16/2015,11/4/2015,3.0,Active,0,Brandon R. LeBlanc,3.0,Diversity Job Fair,Fully Meets,5.0,4,3,2/18/2019,0,4,N/A - Still Employed,No request made,7.5,26.7,2,37
"Bozzi, Charles",10175,0,0,1,5,5,3,0,74312.0,1,18,21,10,1901,2070-03-10,1,3,2,No,1,9/30/2013,8/7/2014,15.0,Voluntarily Terminated,3,Janet King,2.0,Indeed,Fully Meets,3.39,3,0,2/20/2014,0,14,Felt the growth opportunities were limited in the current department.,No request made,12.5,25.8,0,40
"Brill, Donna",10177,1,1,0,5,5,3,0,53492.0,1,19,22,10,1701,1990-08-24,0,1,2,No,5,4/2/2012,6/15/2013,0.0,Voluntarily Terminated,3,David Stanley,14.0,Google Search,Fully Meets,3.35,4,0,3/4/2013,0,6,Found a position that allows for 100% remote work.,Looking for a role with more client interaction.,9.1,37.8,1,34
"Brown, Mia",10238,1,1,0,1,1,3,1,63000.0,0,1,0,10,1450,1987-11-24,0,1,2,No,2,10/27/2008,11/4/2015,3.0,Active,0,Brandon R. LeBlanc,1.0,Diversity Job Fair,Fully Meets,4.5,2,6,1/15/2019,0,14,N/A - Still Employed,No request made,13.4,15.7,1,37
"Buccheri, Joseph",10184,0,0,1,1,5,3,0,65288.0,0,20,23,10,1013,1983-07-28,1,3,2,No,5,9/29/2014,11/4/2015,3.0,Active,3,Webster Butler,14.570957095709572,Google Search,Fully Meets,3.19,3,0,2/1/2019,0,9,N/A - Still Employed,Looking for a role with more client interaction.,0.7,20.8,0,41
"Bugali, Josephine",10203,0,3,0,3,5,3,1,64375.0,0,19,22,10,2043,2069-10-30,0,2,2,No,2,11/11/2013,11/4/2015,3.0,Active,3,Kissy Sullivan,20.0,Diversity Job Fair,Fully Meets,3.5,5,0,1/21/2019,0,17,N/A - Still Employed,No request made,7.5,47.8,0,40
"Bunbury, Jessica",10188,1,1,0,5,6,3,0,74326.0,1,3,2,25,21851,2064-06-01,0,1,0,No,2,8/15/2011,8/2/2014,0.0,Voluntarily Terminated,4,John Smith,17.0,Google Search,Fully Meets,3.14,5,0,2/10/2013,1,19,Personal reasons related to family relocation.,No request made,2.6,37.5,3,40
"Burke, Joelle",10107,0,0,0,1,5,3,0,63763.0,0,20,23,10,2148,1980-03-02,0,3,2,No,2,3/5/2012,11/4/2015,3.0,Active,3,Amy Dunn,11.0,Employee Referral,Fully Meets,4.51,4,0,2/21/2019,0,3,N/A - Still Employed,No request made,12.0,24.3,0,44
"Burkett, Benjamin",10181,1,1,1,1,5,3,0,62162.0,0,20,23,10,1890,1977-08-19,1,1,2,No,5,4/4/2011,11/4/2015,3.0,Active,3,Ketsia Liebig,19.0,Indeed,Fully Meets,3.25,5,0,1/14/2019,0,15,N/A - Still Employed,No request made,10.3,27.0,0,47
"Cady, Max",10150,0,0,1,1,4,3,0,77692.0,0,25,28,10,2184,2066-11-22,1,3,2,No,5,8/15/2011,11/4/2015,3.0,Active,5,Jennifer Zamora,5.0,Google Search,Fully Meets,3.84,3,5,1/21/2019,0,4,N/A - Still Employed,Seeking a change in management style.,3.1,29.0,4,40
"Candie, Calvin",10001,0,0,1,1,5,4,0,72640.0,0,18,21,10,2169,1983-08-09,1,3,2,No,5,1/28/2016,11/4/2015,3.0,Active,3,Janet King,2.0,Indeed,Exceeds,5.0,3,0,2/22/2019,0,14,N/A - Still Employed,No request made,6.5,34.2,0,41
"Carabbio, Judith",10085,0,0,0,1,4,3,0,93396.0,0,24,27,10,2132,1987-04-05,0,3,2,No,5,11/11/2013,11/4/2015,3.0,Active,5,Alex Sweetwater,10.0,Indeed,Fully Meets,4.96,4,6,1/30/2019,0,3,N/A - Still Employed,No request made,1.7,37.2,4,37
"Carey, Michael",10115,0,0,1,1,5,3,0,52846.0,0,19,22,10,1701,1983-02-02,1,3,2,No,2,3/31/2014,11/4/2015,3.0,Active,3,Kelley Spirea,18.0,LinkedIn,Fully Meets,4.43,3,0,2/1/2019,0,14,N/A - Still Employed,No request made,10.5,7.8,0,41
"Carr, Claudia  N",10082,0,0,0,2,3,3,0,100031.0,0,27,30,10,1886,1986-06-06,0,3,2,No,2,6/30/2016,11/4/2015,3.0,Active,2,Simon Roup,4.0,LinkedIn,Fully Meets,5.0,5,6,2/18/2019,0,7,N/A - Still Employed,No request made,9.3,34.5,4,38
"Carter, Michelle",10040,0,0,0,1,6,3,0,71860.0,0,3,2,26,5664,2063-05-15,0,3,2,No,5,8/18/2014,11/4/2015,3.0,Active,4,John Smith,17.0,Indeed,Fully Meets,5.0,5,0,1/21/2019,0,7,N/A - Still Employed,No request made,10.1,48.2,3,40
"Chace, Beatrice",10067,0,0,0,1,5,3,0,61656.0,0,19,22,10,2763,2051-01-02,0,3,2,No,5,9/29/2014,11/4/2015,3.0,Active,3,Michael Albert,22.0,Google Search,Fully Meets,5.0,4,0,2/12/2019,0,11,N/A - Still Employed,No request made,3.2,15.4,1,40
"Champaigne, Brian",10108,1,1,1,1,3,3,0,110929.0,0,5,4,10,2045,2072-02-09,1,1,2,No,5,9/6/2016,11/4/2015,3.0,Active,2,Jennifer Zamora,5.0,Indeed,Fully Meets,4.5,5,7,1/15/2019,0,8,N/A - Still Employed,No request made,13.0,22.6,2,40
"Chan, Lin",10210,0,0,0,1,5,3,0,54237.0,0,19,22,10,2170,1979-02-12,0,3,2,No,5,5/12/2014,11/4/2015,3.0,Active,3,Elijiah Gray,16.0,Indeed,Fully Meets,3.3,4,0,2/19/2019,0,11,N/A - Still Employed,No request made,11.7,22.9,0,45
"Chang, Donovan  E",10154,0,0,1,1,5,3,0,60380.0,0,19,22,10,1845,1983-08-24,1,3,2,No,5,7/8/2013,11/4/2015,3.0,Active,3,Webster Butler,14.570957095709572,LinkedIn,Fully Meets,3.8,5,0,1/14/2019,0,4,N/A - Still Employed,No request made,4.0,40.7,1,41
"Chigurh, Anton",10200,0,0,1,1,6,3,0,66808.0,0,3,2,23,78207,2070-06-11,1,3,0,No,2,5/14/2012,11/4/2015,3.0,Active,4,Lynn Daneault,21.0,Employee Referral,Fully Meets,3.0,5,0,1/19/2019,0,17,N/A - Still Employed,No request made,11.9,37.5,2,40
"Chivukula, Enola",10240,0,0,0,5,5,3,0,64786.0,1,19,22,10,1775,1983-08-27,0,3,2,No,5,6/27/2011,11/15/2015,14.0,Voluntarily Terminated,3,Amy Dunn,11.0,Indeed,Fully Meets,4.3,4,0,3/10/2015,0,3,Offered a significantly higher salary at a competitor.,No request made,13.6,6.2,0,41
"Cierpiszewski, Caroline",10168,0,0,0,1,5,3,0,64816.0,0,19,22,10,2044,1988-05-31,0,3,1,No,2,10/3/2011,11/4/2015,3.0,Active,3,Ketsia Liebig,19.0,Indeed,Fully Meets,3.58,5,0,1/30/2019,0,3,N/A - Still Employed,No request made,7.3,14.2,0,36
"Clayton, Rick",10220,0,0,1,1,3,3,0,68678.0,0,14,17,10,2170,1985-09-05,1,3,2,No,5,9/5/2012,11/4/2015,3.0,Active,2,Eric Dougall,6.0,Indeed,Fully Meets,4.7,3,6,2/27/2019,0,2,N/A - Still Employed,No request made,0.5,13.3,5,39
"Cloninger, Jennifer",10275,1,1,0,5,5,3,0,64066.0,1,20,23,10,1752,1981-08-31,0,1,2,No,5,5/16/2011,1/7/2013,17.0,Voluntarily Terminated,3,Brannon Miller,12.0,Google Search,Fully Meets,4.2,5,0,5/3/2012,0,9,Found a position that allows for 100% remote work.,No request made,7.4,32.8,0,43
"Close, Phil",10269,1,1,1,5,5,3,0,59369.0,1,20,23,10,2169,1978-11-25,1,1,2,No,5,8/30/2010,9/26/2011,5.0,Voluntarily Terminated,3,David Stanley,14.0,Indeed,Fully Meets,4.2,4,0,5/4/2011,0,6,Felt the growth opportunities were limited in the current department.,No request made,14.5,43.6,1,46
"Clukey, Elijian",10029,1,1,1,2,5,4,0,50373.0,0,19,22,10,2134,1980-08-26,1,1,2,No,5,7/6/2016,11/4/2015,3.0,Active,3,Brannon Miller,12.0,Employee Referral,Exceeds,4.1,4,0,2/28/2019,0,5,N/A - Still Employed,No request made,8.1,12.9,0,44
"Cockel, James",10261,0,0,1,1,5,3,0,63108.0,0,19,22,10,2452,1977-09-08,1,3,2,No,5,7/8/2013,11/4/2015,3.0,Active,3,David Stanley,14.0,Employee Referral,Fully Meets,4.4,5,0,1/14/2019,0,3,N/A - Still Employed,No request made,5.3,25.5,0,47
"Cole, Spencer",10292,0,0,1,4,5,2,0,59144.0,1,19,22,10,1880,1979-08-12,1,3,2,No,2,7/11/2011,9/23/2016,13.0,Terminated for Cause,3,Kissy Sullivan,20.0,LinkedIn,Needs Improvement,2.0,3,0,5/1/2016,5,16,Decided to return to school full-time for an MBA.,No request made,1.0,34.1,0,45
"Corleone, Michael",10282,0,2,1,1,5,2,0,68051.0,0,18,21,10,1803,2075-12-17,1,0,2,No,5,7/20/2010,11/4/2015,3.0,Active,3,Janet King,2.0,CareerBuilder,Needs Improvement,4.13,2,0,1/14/2019,3,3,N/A - Still Employed,No request made,9.7,5.5,0,40
"Corleone, Vito",10019,0,0,1,1,5,4,0,170500.0,0,10,10,10,2030,1983-03-19,1,3,2,No,2,1/5/2009,11/4/2015,3.0,Active,3,Janet King,2.0,Indeed,Exceeds,3.7,5,0,2/4/2019,0,15,N/A - Still Employed,No request made,7.6,28.1,0,41
"Cornett, Lisa",10094,1,1,0,1,5,3,0,63381.0,0,19,22,10,2189,1977-03-31,0,1,2,Yes,5,1/5/2015,11/4/2015,3.0,Active,3,Kelley Spirea,18.0,Indeed,Fully Meets,4.73,5,0,2/14/2019,0,6,N/A - Still Employed,No request made,5.8,27.8,0,47
"Costello, Frank",10193,1,1,1,1,3,3,0,83552.0,0,9,6,10,1810,1986-08-26,1,1,2,No,5,3/30/2015,11/4/2015,3.0,Active,2,Simon Roup,4.0,Indeed,Fully Meets,3.04,3,6,1/22/2019,0,2,N/A - Still Employed,Seeking a change in management style.,10.3,45.9,2,38
"Crimmings,   Jean",10132,0,0,0,2,5,3,0,56149.0,0,19,22,10,1821,1987-04-10,0,3,2,No,5,7/6/2016,11/4/2015,3.0,Active,3,Michael Albert,22.0,LinkedIn,Fully Meets,4.12,5,0,1/28/2019,0,15,N/A - Still Employed,Wants to move from Production to Admin for better hours.,0.5,26.0,1,37
"Cross, Noah",10083,0,0,1,1,3,3,0,92329.0,0,28,31,4,6278,2065-09-09,1,3,2,No,5,11/10/2014,11/4/2015,3.0,Active,2,Peter Monroe,7.0,Employee Referral,Fully Meets,5.0,3,4,1/2/2019,0,5,N/A - Still Employed,No request made,0.6,5.0,3,40
"Daneault, Lynn",10099,0,0,0,1,6,3,0,65729.0,0,21,24,26,5473,1990-04-19,0,3,2,No,5,5/5/2014,11/4/2015,3.0,Active,4,Debra Houlihan,15.0,Indeed,Fully Meets,4.62,4,0,1/24/2019,0,8,N/A - Still Employed,No request made,4.2,31.5,3,34
"Daniele, Ann",10212,1,1,0,3,3,3,0,85028.0,0,28,31,4,6033,2052-01-18,0,1,2,No,5,11/10/2014,11/4/2015,3.0,Active,2,Peter Monroe,7.0,LinkedIn,Fully Meets,3.1,5,8,2/12/2019,0,19,N/A - Still Employed,No request made,6.4,10.6,2,40
"Darson, Jene'ya",10056,1,1,0,1,5,3,0,57583.0,0,19,22,10,2110,1978-11-05,0,1,2,No,5,7/2/2012,11/4/2015,3.0,Active,3,Elijiah Gray,16.0,Indeed,Fully Meets,5.0,3,0,2/25/2019,0,1,N/A - Still Employed,No request made,13.3,26.6,0,46
"Davis, Daniel",10143,0,0,1,1,5,3,0,56294.0,0,20,23,10,2458,1979-09-14,1,3,0,No,4,11/7/2011,11/4/2015,3.0,Active,3,Kissy Sullivan,20.0,LinkedIn,Fully Meets,3.96,4,0,2/27/2019,0,6,N/A - Still Employed,No request made,0.1,32.2,0,45
"Dee, Randy",10311,1,1,1,1,6,1,0,56991.0,0,19,22,10,2138,1988-04-15,1,1,2,No,5,7/9/2018,11/4/2015,3.0,Active,3,Brannon Miller,12.0,Indeed,Fully Meets,4.3,4,3,1/31/2019,2,2,N/A - Still Employed,Wants to move from Production to Admin for better hours.,1.4,5.3,0,36
"DeGweck,  James",10070,1,1,1,5,5,3,0,55722.0,1,19,22,10,1810,1977-10-31,1,1,2,No,5,5/16/2011,6/8/2016,17.0,Voluntarily Terminated,3,Webster Butler,39.0,Indeed,Fully Meets,5.0,4,0,4/2/2016,0,14,Personal reasons related to family relocation.,No request made,1.7,8.0,1,47
"Del Bosque, Keyla",10155,0,0,0,1,4,3,0,101199.0,0,24,27,10,2176,1979-07-05,0,3,2,No,2,1/9/2012,11/4/2015,3.0,Active,5,Alex Sweetwater,10.0,CareerBuilder,Fully Meets,3.79,5,5,1/25/2019,0,8,N/A - Still Employed,Interested in joining the IT department to leverage technical skills.,1.9,13.1,2,45
"Delarge, Alex",10306,0,0,1,1,6,1,0,61568.0,0,3,2,0,36006,2075-11-02,1,3,2,No,4,9/29/2014,11/4/2015,3.0,Active,4,John Smith,17.0,Indeed,PIP,1.93,3,0,1/30/2019,6,5,N/A - Still Employed,No request made,0.6,22.1,1,40
"Demita, Carla",10100,0,3,0,5,5,3,0,58275.0,1,20,23,10,2343,2051-02-25,0,2,2,No,2,4/4/2011,11/4/2015,11.0,Voluntarily Terminated,3,Kelley Spirea,18.0,Google Search,Fully Meets,4.62,5,0,5/6/2015,0,1,Commute was becoming too taxing on my work-life balance.,No request made,5.2,17.8,0,40
"Desimone, Carl",10310,1,1,1,1,5,1,0,53189.0,0,19,22,10,2061,2067-04-19,1,1,2,No,5,7/7/2014,11/4/2015,3.0,Active,3,Amy Dunn,11.0,Indeed,PIP,1.12,2,0,1/31/2019,4,9,N/A - Still Employed,No request made,6.9,36.9,0,40
"DeVito, Tommy",10197,0,0,1,1,3,3,0,96820.0,0,4,3,10,2045,1983-09-04,1,3,2,No,5,2/15/2017,11/4/2015,3.0,Active,2,Brian Champaigne,13.0,Indeed,Fully Meets,3.01,5,7,1/23/2019,0,15,N/A - Still Employed,No request made,3.8,49.1,2,41
"Dickinson, Geoff",10276,0,0,1,1,5,3,0,51259.0,0,19,22,10,2180,1982-11-15,1,3,2,No,5,5/12/2014,11/4/2015,3.0,Active,3,Ketsia Liebig,19.0,Indeed,Fully Meets,4.3,4,0,2/19/2019,0,1,N/A - Still Employed,No request made,2.8,29.7,0,42
"Dietrich, Jenna",10304,0,0,0,1,6,1,0,59231.0,0,3,2,27,98052,1987-05-14,0,3,2,Yes,5,2/20/2012,11/4/2015,3.0,Active,4,John Smith,17.0,Website,PIP,2.3,1,0,1/29/2019,2,17,N/A - Still Employed,No request made,0.3,43.7,3,37
"DiNocco, Lily",10284,1,1,0,1,5,2,0,61584.0,0,19,22,10,2351,1978-12-02,0,1,2,No,2,1/7/2013,11/4/2015,3.0,Active,3,Brannon Miller,12.0,Indeed,Needs Improvement,3.88,4,0,1/18/2019,0,6,N/A - Still Employed,Wants to move from Production to Admin for better hours.,0.0,26.8,1,46
"Dobrin, Denisa  S",10207,0,0,0,1,5,3,0,46335.0,0,19,22,10,2125,1986-10-07,0,3,2,Yes,5,4/2/2012,11/4/2015,3.0,Active,3,David Stanley,14.0,CareerBuilder,Fully Meets,3.4,5,0,2/19/2019,0,15,N/A - Still Employed,No request made,7.1,7.1,0,38
"Dolan, Linda",10133,1,1,0,1,3,3,0,70621.0,0,14,17,10,2119,1988-07-18,0,1,2,No,5,1/5/2015,11/4/2015,3.0,Active,2,Peter Monroe,7.0,Employee Referral,Fully Meets,4.11,4,6,2/25/2019,0,16,N/A - Still Employed,No request made,5.2,47.5,3,36
"Dougall, Eric",10028,0,0,1,1,3,4,0,138888.0,0,13,16,10,1886,2070-07-09,1,3,2,No,2,1/5/2014,11/4/2015,3.0,Active,2,Jennifer Zamora,5.0,Indeed,Exceeds,4.3,5,5,1/4/2019,0,4,N/A - Still Employed,No request made,1.4,35.2,4,40
"Driver, Elle",10006,0,0,0,1,6,4,0,74241.0,0,3,2,2,90007,1988-11-08,0,3,2,No,5,1/10/2011,11/4/2015,3.0,Active,4,Lynn Daneault,21.0,Indeed,Exceeds,4.77,5,0,1/27/2019,0,14,N/A - Still Employed,No request made,5.0,6.2,2,36
"Dunn, Amy",10105,0,0,0,1,5,3,0,75188.0,0,18,21,10,1731,2073-11-28,0,3,2,No,5,9/18/2014,11/4/2015,3.0,Active,3,Janet King,2.0,Google Search,Fully Meets,4.52,4,0,1/15/2019,0,4,N/A - Still Employed,No request made,12.8,9.6,0,40
"Dunne, Amy",10211,1,1,0,1,5,3,0,62514.0,0,19,22,10,1749,2073-09-23,0,1,2,No,5,4/26/2010,11/4/2015,3.0,Active,3,Ketsia Liebig,19.0,Google Search,Fully Meets,2.9,3,0,1/21/2019,0,6,N/A - Still Employed,Requested relocation to another state office.,1.6,42.0,0,40
"Eaton, Marianne",10064,1,1,0,5,5,3,0,60070.0,1,19,22,10,2343,1991-09-05,0,1,2,No,5,4/4/2011,6/6/2017,10.0,Voluntarily Terminated,3,Kissy Sullivan,20.0,Google Search,Fully Meets,5.0,3,0,4/9/2017,0,7,Personal reasons related to family relocation.,No request made,8.3,23.6,0,33
"Engdahl, Jean",10247,0,0,1,1,5,3,0,48888.0,0,19,22,10,2026,2074-05-31,1,3,2,No,5,11/10/2014,11/4/2015,3.0,Active,3,Kelley Spirea,18.0,LinkedIn,Fully Meets,4.7,5,0,2/13/2019,0,8,N/A - Still Employed,Seeking a change in management style.,1.8,8.1,0,40
"England, Rex",10235,1,1,1,1,5,3,0,54285.0,0,19,22,10,2045,1978-08-25,1,1,2,No,5,3/31/2014,11/4/2015,3.0,Active,3,Kelley Spirea,18.0,Employee Referral,Fully Meets,4.2,3,0,1/11/2019,0,3,N/A - Still Employed,Requested relocation to another state office.,6.0,11.8,1,46
"Erilus, Angela",10299,0,3,0,1,5,1,0,56847.0,0,20,23,10,2133,1989-08-25,0,2,2,No,5,7/7/2014,11/4/2015,3.0,Active,3,Michael Albert,22.0,Indeed,PIP,3.0,1,0,2/25/2019,2,5,N/A - Still Employed,No request made,6.1,12.2,0,35
"Estremera, Miguel",10280,0,0,1,4,5,2,0,60340.0,1,19,22,10,2129,1983-09-02,1,3,2,No,5,4/2/2012,9/27/2018,4.0,Terminated for Cause,3,Michael Albert,22.0,Google Search,Needs Improvement,5.0,4,0,4/12/2018,5,16,Seeking a more innovative company culture.,No request made,5.9,24.3,0,41
"Evensen, April",10296,0,0,0,4,5,2,0,59124.0,1,19,22,10,2458,1989-05-06,0,3,2,No,5,2/17/2014,2/25/2018,12.0,Terminated for Cause,3,Elijiah Gray,16.0,Google Search,Needs Improvement,2.3,3,0,1/15/2017,5,19,Commute was becoming too taxing on my work-life balance.,No request made,0.1,28.7,1,35
"Exantus, Susan",10290,1,1,0,4,4,2,0,99280.0,1,24,27,10,1749,1987-05-15,0,1,2,No,2,5/2/2011,6/5/2013,4.0,Terminated for Cause,5,Alex Sweetwater,10.0,Indeed,Needs Improvement,2.1,5,4,8/10/2012,4,19,Personal reasons related to family relocation.,No request made,11.7,33.8,3,37
"Faller, Megan",10263,1,1,0,1,5,3,0,71776.0,0,20,23,10,1824,1978-09-22,0,1,2,No,2,7/7/2014,11/4/2015,3.0,Active,3,Elijiah Gray,16.0,LinkedIn,Fully Meets,4.4,5,0,2/22/2019,0,17,N/A - Still Employed,No request made,8.0,20.1,0,46
"Fancett, Nicole",10136,0,0,0,1,5,3,0,65902.0,0,20,23,10,2324,1987-09-27,0,3,2,No,2,2/17/2014,11/4/2015,3.0,Active,3,Webster Butler,14.570957095709572,LinkedIn,Fully Meets,4.0,4,0,1/7/2019,0,7,N/A - Still Employed,No request made,4.5,44.3,0,37
"Ferguson, Susan",10189,1,1,0,5,5,3,0,57748.0,1,19,22,10,2176,2055-04-14,0,1,2,No,5,11/7/2011,5/17/2016,10.0,Voluntarily Terminated,3,Webster Butler,39.0,Google Search,Fully Meets,3.13,3,0,2/4/2016,0,16,The role evolved into something different than what was described during hiring.,No request made,4.3,17.9,0,40
"Fernandes, Nilson",10308,1,1,1,1,5,1,0,64057.0,0,19,22,10,2132,1989-10-18,1,1,2,No,5,5/11/2015,11/4/2015,3.0,Active,3,Amy Dunn,11.0,Indeed,PIP,1.56,5,0,1/3/2019,6,15,N/A - Still Employed,No request made,0.7,17.1,1,35
"Fett, Boba",10309,0,0,1,1,3,1,0,53366.0,0,15,18,10,2138,1987-06-18,1,3,2,No,5,3/30/2015,11/4/2015,3.0,Active,2,Peter Monroe,7.0,LinkedIn,PIP,1.2,3,6,2/4/2019,3,2,N/A - Still Employed,Wants to move from Production to Admin for better hours.,6.4,29.0,2,37
"Fidelia,  Libby",10049,1,1,0,1,5,3,0,58530.0,0,19,22,10,2155,1981-03-16,0,1,2,No,5,1/9/2012,11/4/2015,3.0,Active,3,Brannon Miller,12.0,Google Search,Fully Meets,5.0,5,0,1/29/2019,0,19,N/A - Still Employed,No request made,14.6,39.5,0,43
"Fitzpatrick, Michael  J",10093,0,0,1,5,5,3,0,72609.0,1,20,23,10,2143,1981-10-01,1,3,2,Yes,5,5/16/2011,6/24/2013,7.0,Voluntarily Terminated,3,Amy Dunn,11.0,Google Search,Fully Meets,4.76,5,0,4/5/2013,0,20,Offered a significantly higher salary at a competitor.,No request made,2.3,13.7,0,43
"Foreman, Tanya",10163,1,1,0,5,5,3,0,55965.0,1,20,23,10,2170,1983-11-08,0,1,2,No,5,4/4/2011,1/9/2013,5.0,Voluntarily Terminated,3,Ketsia Liebig,19.0,Google Search,Fully Meets,3.66,3,0,1/7/2012,0,6,The workload was consistently exceeding 50 hours a week without recognition.,No request made,14.7,27.7,1,41
"Forrest, Alex",10305,1,1,1,1,6,3,0,70187.0,1,3,2,10,2330,2075-07-07,1,1,2,No,5,9/29/2014,8/19/2018,1.0,Terminated for Cause,4,Lynn Daneault,21.0,Employee Referral,PIP,2.0,5,0,1/28/2019,4,7,Personal reasons related to family relocation.,No request made,5.8,49.5,1,40
"Foss, Jason",10015,0,0,1,1,3,4,0,178000.0,0,12,13,10,1460,1980-07-05,1,3,2,No,2,4/15/2011,11/4/2015,3.0,Active,2,Jennifer Zamora,5.0,Indeed,Exceeds,5.0,5,5,1/7/2019,0,15,N/A - Still Employed,No request made,14.7,38.0,3,44
"Foster-Baker, Amy",10080,1,1,0,1,1,3,0,99351.0,0,26,29,10,2050,1979-04-16,0,1,2,no,5,1/5/2009,11/4/2015,3.0,Active,0,Board of Directors,9.0,Other,Fully Meets,5.0,3,2,2/8/2019,0,3,N/A - Still Employed,No request made,0.2,13.1,1,45
"Fraval, Maruk",10258,0,0,1,1,6,3,0,67251.0,0,3,2,4,6050,2063-08-28,1,3,2,No,2,9/6/2011,11/4/2015,3.0,Active,4,Lynn Daneault,21.0,CareerBuilder,Fully Meets,4.3,3,0,1/27/2019,2,7,N/A - Still Employed,No request made,2.6,7.2,1,40
"Galia, Lisa",10273,0,0,0,1,3,3,0,65707.0,0,14,17,4,6040,2068-07-06,0,3,2,No,5,5/1/2010,11/4/2015,3.0,Active,2,Eric Dougall,6.0,LinkedIn,Fully Meets,4.7,4,5,2/1/2019,0,1,N/A - Still Employed,No request made,0.7,34.0,2,40
"Garcia, Raul",10111,0,0,1,1,5,3,0,52249.0,0,19,22,10,1905,1985-09-15,1,3,2,Yes,5,3/30/2015,11/4/2015,3.0,Active,3,David Stanley,14.0,Employee Referral,Fully Meets,4.5,3,0,2/18/2019,0,5,N/A - Still Employed,No request made,10.3,43.2,0,39
"Gaul, Barbara",10257,0,0,0,1,5,3,0,53171.0,0,19,22,10,2121,1983-12-02,0,3,2,Yes,2,5/16/2011,11/4/2015,3.0,Active,3,Kelley Spirea,18.0,LinkedIn,Fully Meets,4.2,4,0,2/26/2019,0,12,N/A - Still Employed,No request made,5.9,27.4,0,41
"Gentry, Mildred",10159,1,1,0,1,5,3,0,51337.0,0,19,22,10,2145,1990-10-01,0,1,2,No,2,3/30/2015,11/4/2015,3.0,Active,3,Michael Albert,22.0,LinkedIn,Fully Meets,3.73,3,0,1/16/2019,0,19,N/A - Still Employed,No request made,11.6,44.4,0,34
"Gerke, Melisa",10122,0,2,0,5,5,3,1,51505.0,1,19,22,10,2330,2070-05-15,0,0,2,No,2,11/7/2011,11/15/2016,7.0,Voluntarily Terminated,3,Elijiah Gray,16.0,Diversity Job Fair,Fully Meets,4.24,4,0,4/29/2016,0,2,Commute was becoming too taxing on my work-life balance.,No request made,10.1,20.2,0,40
"Gill, Whitney",10142,0,4,0,4,6,3,0,59370.0,1,3,2,18,43050,2071-07-10,0,4,2,No,2,7/7/2014,9/5/2015,4.0,Terminated for Cause,4,John Smith,17.0,CareerBuilder,Fully Meets,3.97,4,0,1/15/2014,0,7,Found a position that allows for 100% remote work.,No request made,12.7,46.4,3,40
"Gilles, Alex",10283,1,1,1,5,5,2,1,54933.0,1,19,22,10,2062,2074-08-09,1,1,2,No,2,4/2/2012,6/25/2015,10.0,Voluntarily Terminated,3,Webster Butler,39.0,Diversity Job Fair,Needs Improvement,3.97,4,0,1/20/2015,3,15,Felt the growth opportunities were limited in the current department.,No request made,8.9,2.2,1,40
"Girifalco, Evelyn",10018,0,0,0,1,5,4,0,57815.0,0,19,22,10,2451,1980-05-08,0,3,2,Yes,4,9/29/2014,11/4/2015,3.0,Active,3,Amy Dunn,11.0,Indeed,Exceeds,3.9,4,0,2/7/2019,0,3,N/A - Still Employed,No request made,2.7,3.7,0,44
"Givens, Myriam",10255,0,0,0,1,6,3,0,61555.0,0,3,2,8,46204,1989-09-22,0,3,2,No,5,2/16/2015,11/4/2015,3.0,Active,4,Lynn Daneault,21.0,Indeed,Fully Meets,4.5,5,0,1/25/2019,0,20,N/A - Still Employed,No request made,5.1,18.0,2,35
"Goble, Taisha",10246,0,0,0,4,3,3,0,114800.0,1,8,9,10,2127,2071-10-23,0,3,2,No,5,2/16/2015,3/15/2015,12.0,Terminated for Cause,2,Simon Roup,4.0,Indeed,Fully Meets,4.6,4,4,1/20/2015,0,10,Found a position that allows for 100% remote work.,No request made,4.1,49.4,3,40
"Goeth, Amon",10228,1,1,1,1,3,3,0,74679.0,0,14,17,10,2135,1989-11-24,1,1,2,Yes,5,3/30/2015,11/4/2015,3.0,Active,2,Peter Monroe,7.0,LinkedIn,Fully Meets,4.3,5,7,1/10/2019,0,20,N/A - Still Employed,No request made,5.6,42.0,4,35
"Gold, Shenice",10243,0,0,0,1,5,3,0,53018.0,0,19,22,10,2451,1992-06-18,0,3,2,Yes,5,11/11/2013,11/4/2015,3.0,Active,3,Ketsia Liebig,19.0,Indeed,Fully Meets,4.3,5,0,2/18/2019,0,7,N/A - Still Employed,No request made,1.0,19.8,1,32
"Gonzalez, Cayo",10031,0,2,1,1,5,4,1,59892.0,0,19,22,10,2108,2069-09-29,1,0,2,No,2,7/11/2011,11/4/2015,3.0,Active,3,Brannon Miller,12.0,Diversity Job Fair,Exceeds,4.5,4,0,2/18/2019,0,1,N/A - Still Employed,No request made,6.5,1.3,0,40
"Gonzalez, Juan",10300,1,1,1,5,5,1,1,68898.0,1,20,23,10,2128,2064-10-12,1,1,2,No,2,4/26/2010,5/30/2011,5.0,Voluntarily Terminated,3,Brannon Miller,12.0,Diversity Job Fair,PIP,3.0,3,0,3/6/2011,3,10,Seeking a more innovative company culture.,No request made,4.8,6.6,0,40
"Gonzalez, Maria",10101,0,3,0,1,3,3,0,61242.0,0,14,17,10,2472,1981-04-16,0,2,2,Yes,5,1/5/2015,11/4/2015,3.0,Active,2,Peter Monroe,7.0,Employee Referral,Fully Meets,4.61,4,5,1/28/2019,0,11,N/A - Still Employed,Interested in joining the IT department to leverage technical skills.,9.2,4.9,2,43
"Good, Susan",10237,1,1,0,3,5,3,0,66825.0,0,20,23,10,1886,1986-05-25,0,1,2,No,5,5/12/2014,11/4/2015,3.0,Active,3,David Stanley,14.0,LinkedIn,Fully Meets,4.6,3,0,2/7/2019,0,20,N/A - Still Employed,No request made,11.8,37.4,0,38
"Gordon, David",10051,1,1,1,1,5,3,0,48285.0,0,19,22,10,2169,1979-05-21,1,1,2,No,5,7/2/2012,11/4/2015,3.0,Active,3,David Stanley,14.0,LinkedIn,Fully Meets,5.0,3,0,1/14/2019,0,2,N/A - Still Employed,No request made,0.9,24.0,0,45
"Gosciminski, Phylicia",10218,0,3,0,3,5,3,0,66149.0,0,20,23,10,1824,1983-12-08,0,2,2,No,0,9/30/2013,11/4/2015,3.0,Active,3,Kissy Sullivan,20.0,Google Search,Fully Meets,4.4,5,0,2/21/2019,0,1,N/A - Still Employed,No request made,9.6,11.0,0,41
"Goyal, Roxana",10256,1,1,0,3,5,3,0,49256.0,0,19,22,10,1864,2074-10-09,0,1,2,No,1,8/19/2013,11/4/2015,3.0,Active,3,Kissy Sullivan,20.0,LinkedIn,Fully Meets,4.1,5,0,2/15/2019,0,3,N/A - Still Employed,No request made,4.0,11.2,0,40
"Gray, Elijiah",10098,0,2,1,1,5,3,0,62957.0,0,18,21,10,1752,1981-07-11,1,0,2,No,5,6/2/2015,11/4/2015,3.0,Active,3,Janet King,2.0,Employee Referral,Fully Meets,4.63,3,0,1/4/2019,0,2,N/A - Still Employed,No request made,2.4,14.2,0,43
"Gross, Paula",10059,0,2,0,5,5,3,0,63813.0,1,19,22,10,2176,1983-05-21,0,0,2,No,5,2/21/2011,1/11/2014,11.0,Voluntarily Terminated,3,Kelley Spirea,18.0,CareerBuilder,Fully Meets,5.0,5,0,6/3/2013,0,17,The role evolved into something different than what was described during hiring.,No request made,1.9,35.6,1,41
"Gruber, Hans",10234,1,1,1,1,3,3,0,99020.0,0,4,3,10,2134,1989-06-30,1,1,2,No,2,4/20/2017,11/4/2015,3.0,Active,2,Brian Champaigne,13.0,Indeed,Fully Meets,4.2,5,5,1/28/2019,0,8,N/A - Still Employed,No request made,0.8,26.8,5,35
"Guilianno, Mike",10109,0,0,1,5,6,3,0,71707.0,1,3,2,22,37129,2069-02-09,1,3,2,No,4,3/7/2012,10/31/2014,14.0,Voluntarily Terminated,4,John Smith,17.0,LinkedIn,Fully Meets,4.5,5,0,2/1/2013,0,20,Felt the growth opportunities were limited in the current department.,No request made,14.0,43.0,2,40
"Handschiegl, Joanne",10125,1,1,0,1,5,3,0,54828.0,0,19,22,10,2127,1977-03-23,0,1,2,No,5,11/28/2011,11/4/2015,3.0,Active,3,Michael Albert,22.0,Google Search,Fully Meets,4.2,4,0,2/22/2019,0,13,N/A - Still Employed,No request made,4.3,43.6,0,47
"Hankard, Earnest",10074,0,0,1,1,5,3,0,64246.0,0,20,23,10,2155,1988-08-10,1,3,2,Yes,5,11/11/2013,11/4/2015,3.0,Active,3,Kelley Spirea,18.0,LinkedIn,Fully Meets,5.0,3,0,1/8/2019,0,20,N/A - Still Employed,No request made,9.9,34.1,0,36
"Harrington, Christie",10097,0,0,0,5,5,3,0,52177.0,1,19,22,10,2324,2052-08-18,0,3,2,No,5,1/9/2012,12/15/2015,15.0,Voluntarily Terminated,3,Webster Butler,39.0,CareerBuilder,Fully Meets,4.64,4,0,5/2/2015,0,8,Decided to return to school full-time for an MBA.,No request made,9.4,2.0,0,40
"Harrison, Kara",10007,1,1,0,1,5,4,0,62065.0,0,19,22,10,1886,2074-05-02,0,1,2,No,5,5/12/2014,11/4/2015,3.0,Active,3,Amy Dunn,11.0,CareerBuilder,Exceeds,4.76,4,0,2/15/2019,0,5,N/A - Still Employed,No request made,0.3,47.8,0,40
"Heitzman, Anthony",10129,0,0,1,1,5,3,0,46998.0,0,19,22,10,2149,1984-01-04,1,3,2,No,5,8/13/2012,11/4/2015,3.0,Active,3,Ketsia Liebig,19.0,Google Search,Fully Meets,4.17,4,0,2/11/2019,0,1,N/A - Still Employed,Requested relocation to another state office.,3.6,33.3,1,40
"Hendrickson, Trina",10075,0,0,0,5,5,3,0,68099.0,1,20,23,10,2021,2072-08-27,0,3,2,No,5,1/10/2011,6/18/2013,7.0,Voluntarily Terminated,3,Kelley Spirea,18.0,CareerBuilder,Fully Meets,5.0,3,0,1/30/2013,0,15,Commute was becoming too taxing on my work-life balance.,No request made,9.4,38.4,1,40
"Hitchcock, Alfred",10167,1,1,1,1,6,3,0,70545.0,0,3,2,15,3062,1988-09-14,1,1,2,No,0,8/18/2014,11/4/2015,3.0,Active,4,John Smith,17.0,Indeed,Fully Meets,3.6,5,0,1/30/2019,0,9,N/A - Still Employed,Requested relocation to another state office.,12.5,16.3,2,36
"Homberger, Adrienne  J",10195,1,1,0,5,5,3,0,63478.0,1,20,23,10,2445,1984-02-16,0,1,1,No,5,8/15/2011,4/7/2012,14.0,Voluntarily Terminated,3,Michael Albert,30.0,Indeed,Fully Meets,3.03,5,0,3/5/2012,0,16,Felt the growth opportunities were limited in the current department.,No request made,1.7,20.7,1,40
"Horton, Jayne",10112,0,0,0,1,3,3,0,97999.0,0,8,9,10,2493,1984-02-21,0,3,2,No,5,3/30/2015,11/4/2015,3.0,Active,2,Simon Roup,4.0,Indeed,Fully Meets,4.48,5,6,1/3/2019,0,4,N/A - Still Employed,Wants to move from Production to Admin for better hours.,6.5,13.0,4,40
"Houlihan, Debra",10272,1,1,0,1,6,3,0,180000.0,0,11,11,21,2908,2066-03-17,0,1,2,No,5,5/5/2014,11/4/2015,3.0,Active,4,Janet King,2.0,LinkedIn,Fully Meets,4.5,4,0,1/21/2019,0,19,N/A - Still Employed,No request made,4.6,11.5,3,40
"Howard, Estelle",10182,1,1,0,1,1,3,0,49920.0,1,2,1,10,2170,1985-09-16,0,1,2,No,2,2/16/2015,4/15/2015,12.0,Terminated for Cause,0,Brandon R. LeBlanc,1.0,Indeed,Fully Meets,3.24,3,4,4/15/2015,0,6,Found a position that allows for 100% remote work.,No request made,14.4,6.8,1,39
"Hudson, Jane",10248,0,0,0,1,5,3,0,55425.0,0,19,22,10,2176,1986-06-10,0,3,2,No,5,2/20/2012,11/4/2015,3.0,Active,3,Ketsia Liebig,19.0,LinkedIn,Fully Meets,4.8,4,0,1/7/2019,0,4,N/A - Still Employed,No request made,8.3,39.1,0,38
"Hunts, Julissa",10201,0,0,0,2,5,3,0,69340.0,0,20,23,10,2021,1984-03-11,0,3,2,No,5,6/6/2016,11/4/2015,3.0,Active,3,Elijiah Gray,16.0,LinkedIn,Fully Meets,3.0,5,0,1/18/2019,0,4,N/A - Still Employed,No request made,10.6,48.0,0,40
"Hutter, Rosalie",10214,0,3,0,2,5,3,0,64995.0,0,20,23,10,2351,1992-05-07,0,2,2,No,5,6/5/2015,11/4/2015,3.0,Active,3,Webster Butler,14.570957095709572,Indeed,Fully Meets,4.5,3,0,2/14/2019,0,6,N/A - Still Employed,Looking for a role with more client interaction.,7.2,6.3,1,32
"Huynh, Ming",10160,0,2,0,5,5,3,0,68182.0,1,20,23,10,1742,1976-09-22,0,0,2,No,5,2/21/2011,4/1/2013,17.0,Voluntarily Terminated,3,Amy Dunn,11.0,Google Search,Fully Meets,3.72,3,0,2/1/2013,0,18,Decided to return to school full-time for an MBA.,No request made,1.4,15.8,0,48
"Immediato, Walter",10289,1,1,1,5,5,2,0,83082.0,1,18,21,10,2128,1976-11-15,1,1,2,No,1,2/21/2011,9/24/2012,17.0,Voluntarily Terminated,3,Janet King,2.0,Indeed,Needs Improvement,2.34,2,0,4/12/2012,3,4,Decided to return to school full-time for an MBA.,No request made,9.1,11.9,0,48
"Ivey, Rose",10139,0,0,0,1,5,3,0,51908.0,0,19,22,10,1775,1991-01-28,0,3,2,No,5,8/19/2013,11/4/2015,3.0,Active,3,Brannon Miller,12.0,Indeed,Fully Meets,3.99,3,0,1/14/2019,0,14,N/A - Still Employed,Seeking a change in management style.,6.7,39.7,0,33
"Jackson, Maryellen",10227,0,0,0,1,5,3,0,61242.0,0,19,22,10,2081,2072-09-11,0,3,2,No,2,11/5/2012,11/4/2015,3.0,Active,3,David Stanley,14.0,LinkedIn,Fully Meets,4.1,3,0,1/17/2019,0,7,N/A - Still Employed,No request made,13.2,6.3,1,40
"Jacobi, Hannah",10236,0,2,0,1,5,3,0,45069.0,0,19,22,10,1778,2066-03-22,0,0,2,No,5,9/30/2013,11/4/2015,3.0,Active,3,Kissy Sullivan,20.0,Employee Referral,Fully Meets,4.3,5,0,2/22/2019,0,7,N/A - Still Employed,No request made,13.9,17.7,0,40
"Jeannite, Tayana",10009,0,2,0,1,5,4,0,60724.0,0,20,23,10,1821,1986-11-06,0,0,2,No,0,7/5/2011,11/4/2015,3.0,Active,3,Ketsia Liebig,19.0,LinkedIn,Exceeds,4.6,4,0,2/25/2019,0,11,N/A - Still Employed,No request made,5.5,35.0,0,38
"Jhaveri, Sneha",10060,0,3,0,1,5,3,0,60436.0,0,19,22,10,2109,2064-04-13,0,2,2,No,5,1/6/2014,11/4/2015,3.0,Active,3,Kelley Spirea,18.0,LinkedIn,Fully Meets,5.0,5,0,1/21/2019,0,9,N/A - Still Employed,Requested relocation to another state office.,10.3,24.3,0,40
"Johnson, George",10034,1,1,1,5,5,4,0,46837.0,1,19,22,10,2445,2059-08-19,1,1,2,No,5,11/7/2011,4/29/2018,11.0,Voluntarily Terminated,3,Michael Albert,22.0,CareerBuilder,Exceeds,4.7,4,0,2/14/2018,0,9,Management style didn't align with my personal work ethics.,No request made,7.2,24.1,1,40
"Johnson, Noelle",10156,1,1,0,3,3,3,0,105700.0,0,8,9,10,2301,1986-11-07,0,1,2,No,1,1/5/2015,11/4/2015,3.0,Active,2,Simon Roup,4.0,Indeed,Fully Meets,3.75,3,5,2/11/2019,0,2,N/A - Still Employed,No request made,12.2,7.2,4,38
"Johnston, Yen",10036,0,0,0,1,5,4,0,63322.0,0,20,23,10,2128,2069-09-08,0,3,2,No,5,7/7/2014,11/4/2015,3.0,Active,3,Brannon Miller,12.0,LinkedIn,Exceeds,4.3,3,0,1/11/2019,0,1,N/A - Still Employed,No request made,5.5,15.5,0,40
"Jung, Judy",10138,1,1,0,5,5,3,0,61154.0,1,19,22,10,2446,1986-04-17,0,1,2,No,2,1/10/2011,4/1/2016,17.0,Voluntarily Terminated,3,Elijiah Gray,16.0,CareerBuilder,Fully Meets,4.0,4,0,2/3/2016,0,4,Management style didn't align with my personal work ethics.,No request made,7.8,27.6,0,38
"Kampew, Donysha",10244,0,0,0,5,6,3,0,68999.0,1,21,24,20,19444,1989-11-11,0,3,2,No,5,11/7/2011,4/24/2014,8.0,Voluntarily Terminated,4,Debra Houlihan,15.0,Google Search,Fully Meets,4.5,5,0,3/30/2013,0,2,The workload was consistently exceeding 50 hours a week without recognition.,No request made,14.4,48.7,1,35
"Keatts, Kramer",10192,0,0,1,1,5,3,0,50482.0,0,19,22,10,1887,1976-01-19,1,3,2,No,5,9/30/2013,11/4/2015,3.0,Active,3,Michael Albert,22.0,Indeed,Fully Meets,3.07,4,0,1/23/2019,0,10,N/A - Still Employed,Seeking a change in management style.,1.0,17.6,0,48
"Khemmich, Bartholemew",10231,0,0,1,1,6,3,0,65310.0,0,3,2,3,80820,1979-11-27,1,3,2,No,5,8/19/2013,11/4/2015,3.0,Active,4,Lynn Daneault,21.0,Indeed,Fully Meets,4.3,5,0,1/22/2019,0,13,N/A - Still Employed,No request made,12.3,18.4,2,45
"King, Janet",10089,1,1,0,1,2,3,0,250000.0,0,16,19,10,1902,2054-09-21,0,1,2,Yes,5,7/2/2012,11/4/2015,3.0,Active,1,Board of Directors,9.0,Indeed,Fully Meets,4.83,3,0,1/17/2019,0,10,N/A - Still Employed,No request made,8.6,38.1,1,40
"Kinsella, Kathleen",10166,1,1,0,5,5,3,0,54005.0,1,19,22,10,2170,2073-12-08,0,1,2,No,5,9/26/2011,6/4/2015,11.0,Voluntarily Terminated,3,Webster Butler,39.0,Google Search,Fully Meets,3.6,5,0,3/1/2015,0,16,Seeking a more innovative company culture.,No request made,10.2,8.2,0,40
"Kirill, Alexandra",10170,1,1,0,5,5,3,0,45433.0,1,19,22,10,2127,2070-10-08,0,1,2,No,5,9/26/2011,1/9/2014,11.0,Voluntarily Terminated,3,Amy Dunn,11.0,Google Search,Fully Meets,3.49,4,0,1/30/2013,0,6,The role evolved into something different than what was described during hiring.,Requested relocation to another state office.,9.1,14.8,1,40
"Knapp, Bradley  J",10208,0,0,1,1,5,3,0,46654.0,0,19,22,10,1721,1977-11-10,1,3,2,No,2,2/17/2014,11/4/2015,3.0,Active,3,Ketsia Liebig,19.0,LinkedIn,Fully Meets,3.1,3,0,2/6/2019,0,3,N/A - Still Employed,No request made,9.4,14.1,0,47
"Kretschmer, John",10176,1,1,1,1,5,3,0,63973.0,0,19,22,10,1801,1980-02-02,1,1,2,No,1,1/10/2011,11/4/2015,3.0,Active,3,Brannon Miller,12.0,Indeed,Fully Meets,3.38,3,0,1/21/2019,0,17,N/A - Still Employed,No request made,6.7,21.8,0,44
"Kreuger, Freddy",10165,0,0,1,1,6,3,1,71339.0,0,3,2,17,10171,2069-02-24,1,3,2,Yes,2,3/7/2011,11/4/2015,3.0,Active,4,John Smith,17.0,Diversity Job Fair,Fully Meets,3.65,5,0,1/17/2019,0,20,N/A - Still Employed,No request made,13.9,22.5,2,40
"Lajiri,  Jyoti",10113,1,1,1,3,3,3,0,93206.0,0,28,31,10,2169,1986-04-23,1,1,2,No,5,11/10/2014,11/4/2015,3.0,Active,2,Peter Monroe,7.0,Employee Referral,Fully Meets,4.46,5,6,1/7/2019,0,7,N/A - Still Employed,No request made,1.5,37.6,4,38
"Landa, Hans",10092,1,1,1,4,5,3,0,82758.0,1,18,21,10,1890,2072-07-01,1,1,2,No,5,1/10/2011,12/12/2015,4.0,Terminated for Cause,3,Janet King,2.0,Employee Referral,Fully Meets,4.78,4,0,2/15/2015,0,9,Found a position that allows for 100% remote work.,No request made,14.7,13.1,0,40
"Langford, Lindsey",10106,0,2,0,5,5,3,0,66074.0,1,20,23,10,2090,1979-07-25,0,0,2,No,1,1/7/2013,3/31/2014,0.0,Voluntarily Terminated,3,David Stanley,14.0,Indeed,Fully Meets,4.52,3,0,2/20/2014,0,20,Personal reasons related to family relocation.,No request made,8.2,29.2,0,45
"Langton, Enrico",10052,1,1,1,1,5,3,0,46120.0,0,19,22,10,2048,1986-12-09,1,1,2,No,5,7/9/2012,11/4/2015,3.0,Active,3,David Stanley,14.0,LinkedIn,Fully Meets,5.0,5,0,2/4/2019,0,13,N/A - Still Employed,No request made,7.6,42.0,1,38
"LaRotonda, William",10038,0,2,1,1,1,3,0,64520.0,0,1,0,10,1460,1984-04-26,1,0,2,No,2,1/6/2014,11/4/2015,3.0,Active,0,Brandon R. LeBlanc,1.0,Website,Fully Meets,5.0,4,4,1/17/2019,0,3,N/A - Still Employed,No request made,12.2,11.4,1,40
"Latif, Mohammed",10249,1,1,1,5,5,3,0,61962.0,1,20,23,10,2126,1984-05-09,1,1,2,No,5,4/2/2012,4/15/2013,11.0,Voluntarily Terminated,3,Kissy Sullivan,20.0,Google Search,Fully Meets,4.9,3,0,2/20/2013,0,20,Offered a significantly higher salary at a competitor.,No request made,10.7,14.7,0,40
"Le, Binh",10232,0,0,0,1,3,3,0,81584.0,0,22,25,10,1886,1987-06-14,0,3,2,No,1,10/2/2016,11/4/2015,3.0,Active,2,Brian Champaigne,13.0,Indeed,Fully Meets,4.1,5,7,1/8/2019,0,2,N/A - Still Employed,Wants to move from Production to Admin for better hours.,6.9,45.5,4,37
"Leach, Dallas",10087,0,0,0,5,5,3,0,63676.0,1,19,22,10,1810,1979-01-17,0,3,2,No,1,9/26/2011,8/19/2018,16.0,Voluntarily Terminated,3,Kissy Sullivan,20.0,CareerBuilder,Fully Meets,4.88,3,0,7/2/2017,0,17,Commute was becoming too taxing on my work-life balance.,No request made,12.1,14.3,0,45
"LeBlanc, Brandon  R",10134,1,1,1,1,1,3,0,93046.0,0,23,26,10,1460,1984-06-10,1,1,2,No,5,1/5/2016,11/4/2015,3.0,Active,0,Janet King,2.0,CareerBuilder,Fully Meets,4.1,4,0,1/28/2019,0,20,N/A - Still Employed,No request made,9.3,39.5,3,40
"Lecter, Hannibal",10251,1,1,1,1,5,3,0,64738.0,0,19,22,10,1776,1982-09-02,1,1,2,No,1,5/14/2012,11/4/2015,3.0,Active,3,Elijiah Gray,16.0,Google Search,Fully Meets,4.1,3,0,2/22/2019,0,10,N/A - Still Employed,No request made,2.9,45.2,0,42
"Leruth, Giovanni",10103,0,3,1,1,6,3,0,70468.0,0,3,2,24,84111,1988-12-27,1,2,2,No,2,4/30/2012,11/4/2015,3.0,Active,4,John Smith,17.0,Website,Fully Meets,4.53,3,0,1/29/2019,0,16,N/A - Still Employed,No request made,0.8,8.4,2,36
"Liebig, Ketsia",10017,1,1,0,1,5,4,0,77915.0,0,18,21,10,2110,1981-10-26,0,1,2,No,5,9/30/2013,11/4/2015,3.0,Active,3,Janet King,2.0,Website,Exceeds,4.1,3,0,1/21/2019,0,11,N/A - Still Employed,No request made,7.8,48.5,0,43
"Linares, Marilyn",10186,1,1,0,5,5,3,0,52624.0,1,19,22,10,1886,1981-03-26,0,1,2,No,5,7/5/2011,9/26/2018,17.0,Voluntarily Terminated,3,Michael Albert,22.0,Indeed,Fully Meets,3.18,4,0,3/2/2018,0,16,The role evolved into something different than what was described during hiring.,No request made,12.5,8.5,0,43
"Linden, Mathew",10137,1,1,1,3,5,3,0,63450.0,0,20,23,10,1770,1979-03-19,1,1,2,No,5,7/8/2013,11/4/2015,3.0,Active,3,Kelley Spirea,18.0,LinkedIn,Fully Meets,4.0,3,0,2/18/2019,0,7,N/A - Still Employed,No request made,7.3,25.7,0,45
"Lindsay, Leonara",10008,0,0,0,1,3,4,1,51777.0,0,14,17,4,6070,1988-10-05,0,3,2,Yes,2,1/21/2011,11/4/2015,3.0,Active,2,Eric Dougall,6.0,Diversity Job Fair,Exceeds,4.64,4,5,1/25/2019,0,14,N/A - Still Employed,No request made,7.7,45.3,2,36
"Lundy, Susan",10096,0,4,0,5,5,3,0,67237.0,1,20,23,10,2122,1976-12-26,0,4,2,No,5,7/8/2013,9/15/2016,11.0,Voluntarily Terminated,3,Michael Albert,22.0,LinkedIn,Fully Meets,4.65,4,0,6/10/2016,0,15,Found a position that allows for 100% remote work.,No request made,2.6,27.2,0,48
"Lunquist, Lisa",10035,0,0,0,1,5,4,0,73330.0,0,20,23,10,2324,1982-03-28,0,3,2,No,2,8/19/2013,11/4/2015,3.0,Active,3,Elijiah Gray,16.0,Indeed,Exceeds,4.2,4,0,2/12/2019,0,19,N/A - Still Employed,No request made,8.7,11.5,1,42
"Lydon, Allison",10057,1,1,0,3,5,3,0,52057.0,0,19,22,10,2122,2075-10-22,0,1,2,No,2,2/16/2015,11/4/2015,3.0,Active,3,Elijiah Gray,16.0,Website,Fully Meets,5.0,3,0,1/23/2019,0,6,N/A - Still Employed,No request made,14.8,39.2,0,40
"Lynch, Lindsay",10004,0,0,0,5,5,4,1,47434.0,1,19,22,10,1844,2073-02-14,0,3,2,Yes,2,11/7/2011,11/14/2015,0.0,Voluntarily Terminated,3,Webster Butler,39.0,Diversity Job Fair,Exceeds,5.0,4,0,2/2/2015,0,17,Personal reasons related to family relocation.,No request made,11.8,3.6,1,40
"MacLennan, Samuel",10191,0,4,1,5,5,3,0,52788.0,1,19,22,10,1938,2072-11-09,1,4,2,No,5,9/24/2012,9/26/2017,7.0,Voluntarily Terminated,3,Amy Dunn,11.0,Indeed,Fully Meets,3.08,4,0,4/1/2017,0,18,Decided to return to school full-time for an MBA.,No request made,8.0,39.1,0,40
"Mahoney, Lauren",10219,0,0,0,1,5,3,0,45395.0,0,19,22,10,2189,1986-07-07,0,3,2,No,5,1/6/2014,11/4/2015,3.0,Active,3,Ketsia Liebig,19.0,LinkedIn,Fully Meets,4.6,4,0,2/26/2019,0,14,N/A - Still Employed,No request made,7.6,7.1,0,38
"Manchester, Robyn",10077,1,1,0,2,5,3,0,62385.0,0,20,23,10,2324,1976-08-25,0,1,2,No,5,5/11/2016,11/4/2015,3.0,Active,3,Webster Butler,14.570957095709572,LinkedIn,Fully Meets,5.0,3,0,1/21/2019,0,4,N/A - Still Employed,No request made,0.9,6.2,1,48
"Mancuso, Karen",10073,1,1,0,5,5,3,0,68407.0,1,20,23,10,2176,1986-12-10,0,1,2,No,4,7/5/2011,8/19/2012,0.0,Voluntarily Terminated,3,Amy Dunn,11.0,LinkedIn,Fully Meets,5.0,4,0,7/2/2012,0,16,Commute was becoming too taxing on my work-life balance.,No request made,12.0,13.0,0,38
"Mangal, Debbie",10279,1,1,0,1,5,3,0,61349.0,0,19,22,10,2451,2074-11-07,0,1,2,No,5,11/11/2013,11/4/2015,3.0,Active,3,Brannon Miller,12.0,LinkedIn,Fully Meets,4.1,3,0,1/22/2019,0,11,N/A - Still Employed,No request made,2.3,22.9,0,40
"Martin, Sandra",10110,0,0,0,1,4,3,0,105688.0,0,24,27,10,2135,1987-11-07,0,3,2,No,1,11/11/2013,11/4/2015,3.0,Active,5,Alex Sweetwater,10.0,Google Search,Fully Meets,4.5,5,4,1/14/2019,0,14,N/A - Still Employed,No request made,3.5,30.0,3,37
"Maurice, Shana",10053,1,1,0,1,5,3,0,54132.0,0,19,22,10,2330,1977-11-22,0,1,2,No,5,5/31/2011,11/4/2015,3.0,Active,3,David Stanley,14.0,Indeed,Fully Meets,5.0,4,0,1/10/2019,0,8,N/A - Still Employed,No request made,14.3,2.1,0,47
"Carthy, B'rigit",10076,0,0,0,1,5,3,0,55315.0,0,20,23,10,2149,1987-05-21,0,3,2,No,2,3/30/2015,11/4/2015,3.0,Active,3,Ketsia Liebig,19.0,LinkedIn,Fully Meets,5.0,5,0,2/7/2019,0,16,N/A - Still Employed,No request made,3.4,40.5,1,37
"Mckenna, Sandy",10145,1,1,0,1,5,3,0,62810.0,0,19,22,10,2184,1987-01-07,0,1,2,No,2,1/7/2013,11/4/2015,3.0,Active,3,Kissy Sullivan,20.0,CareerBuilder,Fully Meets,3.93,3,0,1/30/2019,0,20,N/A - Still Employed,Seeking a change in management style.,9.5,9.9,0,37
"McKinzie, Jac",10202,1,1,1,2,6,3,0,63291.0,0,3,2,23,78789,1984-07-01,1,1,2,No,4,7/6/2016,11/4/2015,3.0,Active,4,Lynn Daneault,21.0,Website,Fully Meets,3.4,4,0,1/29/2019,0,7,N/A - Still Employed,No request made,13.5,1.6,3,40
"Meads, Elizabeth",10128,0,0,0,5,5,3,1,62659.0,1,19,22,10,1760,2068-05-30,0,3,2,No,2,4/2/2012,11/11/2016,0.0,Voluntarily Terminated,3,Kelley Spirea,18.0,Diversity Job Fair,Fully Meets,4.18,4,0,2/5/2016,0,17,Felt the growth opportunities were limited in the current department.,No request made,4.0,49.7,0,40
"Medeiros, Jennifer",10068,0,0,0,1,5,3,0,55688.0,0,19,22,10,2346,1976-09-22,0,3,2,No,5,3/30/2015,11/4/2015,3.0,Active,3,Michael Albert,22.0,CareerBuilder,Fully Meets,5.0,4,0,1/21/2019,0,10,N/A - Still Employed,Requested relocation to another state office.,13.2,49.4,1,48
"Miller, Brannon",10116,0,0,1,1,5,3,0,83667.0,0,18,21,10,2045,1981-08-10,1,3,2,yes,3,8/16/2012,11/4/2015,3.0,Active,3,Janet King,2.0,Indeed,Fully Meets,4.37,3,0,1/14/2019,0,2,N/A - Still Employed,No request made,7.8,24.6,0,43
"Miller, Ned",10298,0,0,1,5,5,1,0,55800.0,1,20,23,10,2472,1985-06-29,1,3,2,No,5,8/15/2011,9/4/2014,17.0,Voluntarily Terminated,3,Brannon Miller,12.0,LinkedIn,PIP,3.0,2,0,1/14/2013,6,6,Found a position that allows for 100% remote work.,No request made,9.1,14.4,1,39
"Monkfish, Erasumus",10213,1,1,1,1,5,3,0,58207.0,0,20,23,10,1450,1992-08-17,1,1,2,No,5,11/7/2011,11/4/2015,3.0,Active,3,David Stanley,14.0,LinkedIn,Fully Meets,3.7,3,0,1/8/2019,0,14,N/A - Still Employed,No request made,10.1,31.1,0,32
"Monroe, Peter",10288,1,1,1,1,3,2,1,157000.0,0,13,15,10,2134,1986-10-05,1,1,0,Yes,2,2/15/2012,11/4/2015,3.0,Active,2,Jennifer Zamora,5.0,Diversity Job Fair,Needs Improvement,2.39,3,6,2/22/2019,4,13,N/A - Still Employed,No request made,3.9,25.9,2,38
"Monterro, Luisa",10025,0,0,0,1,5,4,0,72460.0,0,20,23,10,2126,2070-04-24,0,3,2,No,2,5/13/2013,11/4/2015,3.0,Active,3,Kissy Sullivan,20.0,Indeed,Exceeds,4.7,3,0,1/14/2019,0,1,N/A - Still Employed,No request made,1.9,43.6,0,40
"Moran, Patrick",10223,0,0,1,3,5,3,1,72106.0,0,20,23,10,2127,1976-12-03,1,3,2,No,2,1/9/2012,11/4/2015,3.0,Active,3,Kelley Spirea,18.0,Diversity Job Fair,Fully Meets,4.1,4,0,1/31/2019,0,12,N/A - Still Employed,No request made,8.1,35.6,0,48
"Morway, Tanya",10151,1,1,0,1,3,3,0,52599.0,0,15,18,10,2048,1979-04-04,0,1,2,No,5,2/16/2015,11/4/2015,3.0,Active,2,Peter Monroe,7.0,CareerBuilder,Fully Meets,3.81,3,6,2/11/2019,0,6,N/A - Still Employed,No request made,7.8,9.6,5,45
"Motlagh,  Dawn",10254,0,2,0,1,5,3,0,63430.0,0,19,22,10,2453,1984-07-07,0,0,2,No,5,4/1/2013,11/4/2015,3.0,Active,3,Elijiah Gray,16.0,LinkedIn,Fully Meets,4.4,4,0,1/17/2019,0,18,N/A - Still Employed,No request made,3.1,13.6,1,40
"Moumanil, Maliki",10120,0,3,1,1,5,3,0,74417.0,0,20,23,10,1460,2074-12-01,1,2,2,No,2,5/13/2013,11/4/2015,3.0,Active,3,Michael Albert,22.0,LinkedIn,Fully Meets,4.29,5,0,1/28/2019,0,11,N/A - Still Employed,No request made,12.9,37.6,0,40
"Myers, Michael",10216,0,0,1,1,5,3,0,57575.0,0,19,22,10,1550,1980-04-18,1,3,2,No,1,7/8/2013,11/4/2015,3.0,Active,3,Kissy Sullivan,20.0,LinkedIn,Fully Meets,4.1,4,0,1/22/2019,0,13,N/A - Still Employed,No request made,2.1,7.8,1,44
"Navathe, Kurt",10079,0,0,1,1,3,3,0,87921.0,0,22,25,10,2056,2070-04-25,1,3,2,No,1,2/10/2017,11/4/2015,3.0,Active,2,Brian Champaigne,13.0,Indeed,Fully Meets,5.0,3,6,2/25/2019,0,17,N/A - Still Employed,No request made,10.9,35.2,3,40
"Ndzi, Colombui",10215,0,0,1,5,5,3,1,50470.0,1,19,22,10,2110,1989-05-02,1,3,2,No,2,9/26/2011,4/4/2014,16.0,Voluntarily Terminated,3,Webster Butler,39.0,Diversity Job Fair,Fully Meets,4.3,3,0,3/2/2013,0,19,The role evolved into something different than what was described during hiring.,No request made,14.6,13.3,0,35
"Ndzi, Horia",10185,1,1,1,5,5,3,0,46664.0,1,19,22,10,2421,1983-03-28,1,1,2,No,5,4/1/2013,5/25/2016,11.0,Voluntarily Terminated,3,Amy Dunn,11.0,Employee Referral,Fully Meets,3.18,3,0,3/6/2016,0,10,Offered a significantly higher salary at a competitor.,No request made,4.0,24.6,0,41
"Newman, Richard",10063,1,1,1,3,5,3,0,48495.0,0,19,22,10,2136,1977-04-08,1,1,2,No,5,5/12/2014,11/4/2015,3.0,Active,3,Ketsia Liebig,19.0,LinkedIn,Fully Meets,5.0,5,0,2/18/2019,0,11,N/A - Still Employed,No request made,1.1,22.9,0,47
"Ngodup, Shari",10037,0,3,0,1,5,4,1,52984.0,0,19,22,10,1810,2067-06-03,0,2,2,No,2,4/1/2013,11/4/2015,3.0,Active,3,Brannon Miller,12.0,Diversity Job Fair,Exceeds,4.0,3,0,2/13/2019,0,12,N/A - Still Employed,Interested in joining the IT department to leverage technical skills.,1.1,4.6,0,40
"Nguyen, Dheepa",10042,0,0,0,1,6,3,0,63695.0,0,3,2,6,30428,1989-03-31,0,3,2,No,4,7/8/2013,11/4/2015,3.0,Active,4,Lynn Daneault,21.0,Indeed,Fully Meets,5.0,5,0,1/25/2019,0,2,N/A - Still Employed,No request made,1.0,16.8,2,35
"Nguyen, Lei-Ming",10206,0,0,0,1,5,3,0,62061.0,0,19,22,10,2132,1984-07-07,0,3,2,No,5,7/8/2013,11/4/2015,3.0,Active,3,David Stanley,14.0,LinkedIn,Fully Meets,3.6,5,0,1/2/2019,0,4,N/A - Still Employed,No request made,12.0,10.0,0,40
"Nowlan, Kristie",10104,0,0,0,1,5,3,0,66738.0,0,20,23,10,1040,1985-11-23,0,3,2,No,5,11/10/2014,11/4/2015,3.0,Active,3,Elijiah Gray,16.0,Indeed,Fully Meets,4.53,5,0,1/16/2019,0,5,N/A - Still Employed,No request made,12.1,5.9,0,39
"O'hare, Lynn",10303,0,0,0,4,5,1,0,52674.0,1,19,22,10,2152,1980-09-30,0,3,2,No,4,3/31/2014,5/1/2018,13.0,Terminated for Cause,3,Kissy Sullivan,20.0,LinkedIn,PIP,2.33,2,0,3/9/2018,6,3,Personal reasons related to family relocation.,Interested in joining the IT department to leverage technical skills.,10.9,39.4,0,44
"Oliver, Brooke",10078,1,1,0,5,5,3,0,71966.0,1,20,23,10,2492,2052-02-11,0,1,2,No,1,5/14/2012,8/19/2013,17.0,Voluntarily Terminated,3,Webster Butler,39.0,LinkedIn,Fully Meets,5.0,3,0,7/2/2013,0,17,Offered a significantly higher salary at a competitor.,No request made,13.2,12.2,0,40
"Onque, Jasmine",10121,0,0,0,1,6,3,0,63051.0,0,3,2,5,33174,1990-05-11,0,3,2,Yes,5,9/30/2013,11/4/2015,3.0,Active,4,Lynn Daneault,21.0,Indeed,Fully Meets,4.28,3,0,1/25/2019,0,1,N/A - Still Employed,No request made,13.4,3.2,2,34
"Osturnka, Adeel",10021,1,1,1,1,5,4,0,47414.0,0,19,22,10,2478,1976-12-11,1,1,2,No,5,9/30/2013,11/4/2015,3.0,Active,3,Kelley Spirea,18.0,LinkedIn,Exceeds,5.0,3,0,2/7/2019,0,13,N/A - Still Employed,No request made,5.8,2.3,0,48
"Owad, Clinton",10281,0,0,1,1,5,2,0,53060.0,0,19,22,10,1760,1979-11-24,1,3,2,No,2,2/17/2014,11/4/2015,3.0,Active,3,Michael Albert,22.0,LinkedIn,Needs Improvement,4.25,3,0,2/4/2019,4,6,N/A - Still Employed,No request made,14.5,37.4,1,45
"Ozark, Travis",10041,0,0,1,1,6,3,0,68829.0,0,3,2,13,27229,1982-05-19,1,3,2,No,5,1/5/2015,11/4/2015,3.0,Active,4,John Smith,17.0,Website,Fully Meets,5.0,5,0,1/14/2019,0,18,N/A - Still Employed,No request made,8.5,19.4,1,42
"Panjwani, Nina",10148,1,1,0,5,5,3,0,63515.0,1,19,22,10,2351,1979-05-01,0,1,2,No,5,2/7/2011,1/12/2014,0.0,Voluntarily Terminated,3,Elijiah Gray,16.0,Google Search,Fully Meets,3.89,4,0,3/4/2013,0,7,Found a position that allows for 100% remote work.,No request made,13.7,44.3,0,45
"Patronick, Lucas",10005,0,0,1,5,4,4,1,108987.0,1,24,27,10,1844,1979-02-20,1,3,2,No,2,11/7/2011,9/7/2015,0.0,Voluntarily Terminated,5,Alex Sweetwater,10.0,Diversity Job Fair,Exceeds,5.0,5,3,8/16/2015,0,13,Management style didn't align with my personal work ethics.,No request made,8.2,35.7,2,45
"Pearson, Randall",10259,1,1,1,5,3,3,0,93093.0,1,9,6,10,2747,1984-09-05,1,1,2,No,5,12/1/2014,5/1/2016,13.0,Voluntarily Terminated,2,Simon Roup,4.0,Employee Referral,Fully Meets,4.7,4,5,1/16/2016,0,19,Commute was becoming too taxing on my work-life balance.,No request made,3.1,31.2,4,40
"Smith, Martin",10286,0,0,1,5,5,2,0,53564.0,1,19,22,10,2458,1988-03-17,1,3,2,No,2,1/10/2011,12/28/2017,5.0,Voluntarily Terminated,3,Webster Butler,39.0,Google Search,Needs Improvement,3.54,5,0,4/6/2017,4,15,Felt the growth opportunities were limited in the current department.,No request made,8.4,46.9,1,36
"Pelletier, Ermine",10297,1,1,0,5,5,2,0,60270.0,1,20,23,10,2472,1989-07-18,0,1,2,No,1,7/5/2011,9/15/2015,17.0,Voluntarily Terminated,3,Amy Dunn,11.0,CareerBuilder,Needs Improvement,2.4,5,0,2/6/2015,5,2,Seeking a more innovative company culture.,No request made,8.7,38.4,0,35
"Perry, Shakira",10171,0,0,0,5,5,3,0,45998.0,1,19,22,10,2176,1986-07-20,0,3,2,No,5,5/16/2011,10/25/2015,9.0,Voluntarily Terminated,3,Amy Dunn,11.0,LinkedIn,Fully Meets,3.45,4,0,5/13/2014,0,5,The role evolved into something different than what was described during hiring.,Requested relocation to another state office.,2.4,31.8,0,38
"Peters, Lauren",10032,1,1,0,5,5,4,0,57954.0,1,20,23,10,1886,1986-08-17,0,1,2,No,5,5/16/2011,2/4/2013,11.0,Voluntarily Terminated,3,Ketsia Liebig,19.0,Indeed,Exceeds,4.2,5,0,1/10/2013,0,12,The role evolved into something different than what was described during hiring.,No request made,9.4,45.7,0,38
"Peterson, Ebonee",10130,1,1,0,5,5,3,0,74669.0,1,18,21,10,2030,1977-05-09,0,1,2,No,5,10/25/2010,5/18/2016,0.0,Voluntarily Terminated,3,Janet King,2.0,Indeed,Fully Meets,4.16,5,0,3/5/2015,0,6,Commute was becoming too taxing on my work-life balance.,No request made,4.4,34.5,1,47
"Petingill, Shana",10217,1,1,0,1,5,3,0,74226.0,0,20,23,10,2050,1979-03-10,0,1,0,No,1,4/2/2012,11/4/2015,3.0,Active,3,Brannon Miller,12.0,LinkedIn,Fully Meets,4.3,3,0,1/14/2019,0,14,N/A - Still Employed,Requested relocation to another state office.,1.1,35.8,1,45
"Petrowsky, Thelma",10016,1,1,0,1,3,4,0,93554.0,0,9,6,10,1886,1984-09-16,0,1,2,No,2,11/10/2014,11/4/2015,3.0,Active,2,Simon Roup,4.0,Employee Referral,Exceeds,4.6,5,7,1/4/2019,0,16,N/A - Still Employed,No request made,11.7,7.7,3,40
"Pham, Hong",10050,1,1,1,5,5,3,0,64724.0,1,19,22,10,2451,1988-03-06,1,1,2,No,1,7/5/2011,11/30/2012,11.0,Voluntarily Terminated,3,Brannon Miller,12.0,Google Search,Fully Meets,5.0,3,0,2/20/2012,0,13,The workload was consistently exceeding 50 hours a week without recognition.,No request made,13.5,24.2,1,36
"Pitt, Brad",10164,0,0,1,1,5,3,0,47001.0,0,19,22,10,2451,1981-11-23,1,3,2,No,5,11/5/2007,11/4/2015,3.0,Active,3,David Stanley,14.0,Google Search,Fully Meets,3.66,3,0,2/25/2019,0,15,N/A - Still Employed,No request made,14.3,35.0,0,43
"Potts, Xana",10124,1,1,0,1,6,3,0,61844.0,0,3,2,9,40220,1988-08-29,0,1,2,No,2,1/9/2012,11/4/2015,3.0,Active,4,Lynn Daneault,21.0,Website,Fully Meets,4.2,5,0,2/1/2019,0,9,N/A - Still Employed,No request made,4.3,31.7,2,36
"Power, Morissa",10187,0,2,0,5,5,3,0,46799.0,1,19,22,10,1742,1984-10-15,0,0,0,No,1,5/16/2011,6/4/2018,0.0,Voluntarily Terminated,3,Kissy Sullivan,20.0,Google Search,Fully Meets,3.17,4,0,4/2/2018,0,14,Found a position that allows for 100% remote work.,No request made,1.6,30.1,0,40
"Punjabhi, Louis",10225,0,0,1,1,5,3,0,59472.0,0,19,22,10,2109,2061-06-19,1,3,2,No,5,1/6/2014,11/4/2015,3.0,Active,3,Kelley Spirea,18.0,Employee Referral,Fully Meets,4.8,3,0,1/7/2019,0,14,N/A - Still Employed,No request made,1.4,10.9,1,40
"Purinton, Janine",10262,0,2,0,5,5,3,0,46430.0,1,19,22,10,2474,2070-09-22,0,0,2,No,5,9/24/2012,6/18/2013,17.0,Voluntarily Terminated,3,Kissy Sullivan,20.0,Indeed,Fully Meets,4.5,5,0,4/2/2013,0,16,Offered a significantly higher salary at a competitor.,No request made,6.7,24.6,0,40
"Quinn, Sean",10131,1,1,1,5,1,3,1,83363.0,1,23,27,10,2045,1984-11-06,1,1,0,No,2,2/21/2011,8/15/2015,5.0,Voluntarily Terminated,5,Janet King,2.0,Diversity Job Fair,Fully Meets,4.15,4,0,4/19/2014,0,4,Decided to return to school full-time for an MBA.,No request made,14.3,39.3,2,40
"Rachael, Maggie",10239,1,1,0,1,3,3,0,95920.0,0,4,3,10,2110,1980-05-12,0,1,2,No,2,10/2/2016,11/4/2015,3.0,Active,2,Brian Champaigne,13.0,Indeed,Fully Meets,4.4,4,6,2/6/2019,0,10,N/A - Still Employed,No request made,5.3,21.9,3,44
"Rarrick, Quinn",10152,0,2,1,5,5,3,0,61729.0,1,19,22,10,2478,1984-12-31,1,0,2,No,5,9/26/2011,4/7/2018,11.0,Voluntarily Terminated,3,Michael Albert,22.0,Indeed,Fully Meets,3.8,5,0,2/4/2018,0,19,Offered a significantly higher salary at a competitor.,No request made,6.3,49.5,0,40
"Ren, Kylo",10140,1,1,1,1,6,3,0,61809.0,0,3,2,7,83706,2054-10-12,1,1,2,No,5,5/12/2014,11/4/2015,3.0,Active,4,John Smith,17.0,CareerBuilder,Fully Meets,3.98,3,0,1/28/2019,0,4,N/A - Still Employed,No request made,1.1,9.5,3,40
"Rhoads, Thomas",10058,0,2,1,5,5,3,0,45115.0,1,19,22,10,2176,1982-07-22,1,0,2,Yes,5,5/16/2011,1/15/2016,15.0,Voluntarily Terminated,3,Elijiah Gray,16.0,LinkedIn,Fully Meets,5.0,4,0,3/30/2015,0,11,Management style didn't align with my personal work ethics.,No request made,7.3,32.0,0,42
"Rivera, Haley",10011,1,1,0,1,5,4,0,46738.0,0,19,22,10,2171,2073-01-12,0,1,2,No,1,11/28/2011,11/4/2015,3.0,Active,3,Webster Butler,14.570957095709572,Google Search,Exceeds,4.36,5,0,2/11/2019,0,16,N/A - Still Employed,No request made,13.8,29.4,1,40
"Roberson, May",10230,0,2,0,5,5,3,0,64971.0,1,20,23,10,1902,1981-09-05,0,0,0,No,2,9/26/2011,10/22/2011,16.0,Voluntarily Terminated,3,David Stanley,14.0,Google Search,Fully Meets,4.5,4,0,10/22/2011,0,10,Seeking a more innovative company culture.,No request made,0.3,13.6,0,43
"Robertson, Peter",10224,1,1,1,5,5,3,0,55578.0,1,20,23,10,2138,2072-07-03,1,1,2,No,5,7/5/2011,2/8/2012,0.0,Voluntarily Terminated,3,Kissy Sullivan,20.0,Indeed,Fully Meets,4.2,5,0,1/6/2012,0,13,Felt the growth opportunities were limited in the current department.,No request made,10.3,28.6,0,40
"Robinson, Alain",10047,1,1,1,5,5,3,0,50428.0,1,19,22,10,1420,2074-01-07,1,1,2,No,2,1/10/2011,1/26/2016,4.0,Voluntarily Terminated,3,Amy Dunn,11.0,Indeed,Fully Meets,5.0,3,0,1/10/2015,0,11,Felt the growth opportunities were limited in the current department.,No request made,4.9,30.8,0,40
"Robinson, Cherly",10285,1,1,0,4,5,2,0,61422.0,1,19,22,10,1460,1985-01-07,0,1,2,No,5,1/10/2011,5/17/2016,4.0,Terminated for Cause,3,Ketsia Liebig,19.0,Indeed,Needs Improvement,3.6,3,0,4/5/2016,4,16,Felt the growth opportunities were limited in the current department.,No request made,7.6,35.7,1,39
"Robinson, Elias",10020,0,4,1,1,5,4,0,63353.0,0,19,22,10,1730,1985-01-28,1,4,2,No,5,7/8/2013,11/4/2015,3.0,Active,3,Brannon Miller,12.0,Employee Referral,Exceeds,3.6,5,0,2/11/2019,0,4,N/A - Still Employed,No request made,8.4,48.6,1,39
"Roby, Lori",10162,1,1,0,1,3,3,0,89883.0,0,9,6,10,1886,1981-10-11,0,1,2,No,5,2/16/2015,11/4/2015,3.0,Active,2,Simon Roup,4.0,Employee Referral,Fully Meets,3.69,5,6,2/14/2019,0,15,N/A - Still Employed,No request made,14.0,41.7,3,43
"Roehrich, Bianca",10149,0,0,0,5,3,3,0,120000.0,1,29,20,10,2703,2073-05-27,0,3,2,Yes,5,1/5/2015,11/10/2018,0.0,Voluntarily Terminated,2,Simon Roup,4.0,LinkedIn,Fully Meets,3.88,3,7,2/13/2018,0,12,Decided to return to school full-time for an MBA.,No request made,11.1,31.4,5,40
"Roper, Katie",10086,0,0,0,1,3,3,0,150290.0,0,7,8,10,2056,2072-11-21,0,3,2,No,2,1/7/2017,11/4/2015,3.0,Active,2,Brian Champaigne,13.0,Indeed,Fully Meets,4.94,3,5,2/6/2019,0,17,N/A - Still Employed,No request made,14.6,37.4,3,40
"Rose, Ashley",10054,0,3,0,1,5,3,0,60627.0,0,19,22,10,1886,2074-12-05,0,2,2,No,5,1/6/2014,11/4/2015,3.0,Active,3,David Stanley,14.0,Website,Fully Meets,5.0,4,0,1/31/2019,0,8,N/A - Still Employed,No request made,9.2,41.8,0,40
"Rossetti, Bruno",10065,0,0,1,5,5,3,0,53180.0,1,19,22,10,2155,1987-03-18,1,3,2,No,5,4/4/2011,8/13/2018,0.0,Voluntarily Terminated,3,Kissy Sullivan,20.0,Google Search,Fully Meets,5.0,5,0,7/2/2018,0,4,Felt the growth opportunities were limited in the current department.,No request made,11.8,5.0,0,37
"Roup,Simon",10198,0,0,1,1,3,3,0,140920.0,0,13,14,10,2481,2073-04-05,1,3,2,No,5,1/20/2013,11/4/2015,3.0,Active,2,Jennifer Zamora,5.0,Indeed,Fully Meets,3.6,5,7,2/18/2019,0,13,N/A - Still Employed,No request made,11.9,37.7,5,40
"Ruiz, Ricardo",10222,0,2,1,5,3,3,1,148999.0,1,13,14,10,1915,2064-01-04,1,0,2,No,2,1/9/2012,11/4/2015,7.0,Voluntarily Terminated,2,Jennifer Zamora,5.0,Diversity Job Fair,Fully Meets,4.3,4,6,1/4/2015,0,8,Commute was becoming too taxing on my work-life balance.,No request made,3.1,33.3,3,40
"Saada, Adell",10126,1,1,0,1,4,3,0,86214.0,0,24,27,10,2132,1986-07-24,0,1,2,No,5,11/5/2012,11/4/2015,3.0,Active,5,Alex Sweetwater,10.0,Indeed,Fully Meets,4.2,3,6,2/13/2019,0,2,N/A - Still Employed,No request made,8.8,13.8,4,38
"Saar-Beckles, Melinda",10295,0,0,0,2,5,2,1,47750.0,0,19,22,10,1801,2068-06-06,0,3,2,No,2,7/4/2016,11/4/2015,3.0,Active,3,Kelley Spirea,18.0,Diversity Job Fair,Needs Improvement,2.6,4,0,2/18/2019,5,4,N/A - Still Employed,No request made,5.8,37.8,0,40
"Sadki, Nore",10260,0,0,1,5,5,3,0,46428.0,1,19,22,10,2148,2074-12-21,1,3,2,No,5,1/5/2009,7/30/2018,14.0,Voluntarily Terminated,3,Michael Albert,22.0,Google Search,Fully Meets,4.6,5,0,2/5/2018,0,7,Personal reasons related to family relocation.,Wants to move from Production to Admin for better hours.,10.3,37.9,0,40
"Sahoo, Adil",10233,1,1,1,1,5,3,0,57975.0,0,20,23,10,2062,1986-04-26,1,1,2,No,5,8/30/2010,11/4/2015,3.0,Active,3,Kelley Spirea,18.0,CareerBuilder,Fully Meets,4.1,3,0,1/10/2019,0,13,N/A - Still Employed,No request made,7.4,14.7,0,38
"Salter, Jason",10229,0,2,1,5,3,3,0,88527.0,1,9,7,10,2452,1987-12-17,1,0,2,No,2,1/5/2015,10/31/2015,7.0,Voluntarily Terminated,2,Simon Roup,4.0,LinkedIn,Fully Meets,4.2,3,5,4/20/2015,0,2,Commute was becoming too taxing on my work-life balance.,No request made,13.2,47.7,4,37
"Sander, Kamrin",10169,1,1,0,1,5,3,0,56147.0,0,19,22,10,2154,1988-07-10,0,1,2,No,2,9/29/2014,11/4/2015,3.0,Active,3,Elijiah Gray,16.0,LinkedIn,Fully Meets,3.51,3,0,2/18/2019,0,2,N/A - Still Employed,Seeking a change in management style.,14.3,42.2,1,36
"Sewkumar, Nori",10071,0,0,0,3,5,3,0,50923.0,0,19,22,10,2191,2075-03-10,0,3,2,No,1,9/30/2013,11/4/2015,3.0,Active,3,Webster Butler,14.570957095709572,Google Search,Fully Meets,5.0,5,0,2/6/2019,0,14,N/A - Still Employed,No request made,13.6,37.7,1,40
"Shepard, Anita",10179,1,1,0,1,3,3,0,50750.0,0,15,18,10,1773,1981-04-14,0,1,2,No,5,9/30/2014,11/4/2015,3.0,Active,2,Peter Monroe,7.0,LinkedIn,Fully Meets,3.31,3,6,1/7/2019,0,7,N/A - Still Employed,No request made,7.5,33.6,5,43
"Shields, Seffi",10091,1,1,0,1,5,3,0,52087.0,0,19,22,10,2149,1985-08-24,0,1,2,No,5,8/19/2013,11/4/2015,3.0,Active,3,Amy Dunn,11.0,LinkedIn,Fully Meets,4.81,4,0,2/15/2019,0,15,N/A - Still Employed,No request made,14.0,6.8,0,39
"Simard, Kramer",10178,1,1,1,1,3,3,0,87826.0,0,9,6,10,2110,2070-02-08,1,1,2,Yes,5,1/5/2015,11/4/2015,3.0,Active,2,Simon Roup,4.0,Employee Referral,Fully Meets,3.32,3,7,1/14/2019,0,16,N/A - Still Employed,No request made,7.6,41.1,3,40
"Singh, Nan",10039,0,0,0,1,1,3,0,51920.0,0,2,1,10,2330,1988-05-19,0,3,2,No,5,5/1/2015,11/4/2015,3.0,Active,0,Brandon R. LeBlanc,1.0,Website,Fully Meets,5.0,3,5,1/15/2019,0,2,N/A - Still Employed,No request made,7.0,31.8,3,36
"Sloan, Constance",10095,0,0,0,5,5,3,0,63878.0,1,20,23,10,1851,1987-11-25,0,3,2,No,5,10/26/2009,4/8/2015,8.0,Voluntarily Terminated,3,Michael Albert,22.0,CareerBuilder,Fully Meets,4.68,4,0,4/2/2015,0,20,Felt the growth opportunities were limited in the current department.,No request made,0.3,39.9,0,37
"Smith, Joe",10027,0,0,1,1,5,4,0,60656.0,0,20,23,10,2045,2063-10-30,1,3,2,No,5,9/29/2014,11/4/2015,3.0,Active,3,Elijiah Gray,16.0,Indeed,Exceeds,4.3,3,0,1/28/2019,0,4,N/A - Still Employed,No request made,10.6,10.8,1,40
"Smith, John",10291,0,2,1,1,6,2,1,72992.0,0,21,24,10,1886,1984-08-16,1,0,2,No,2,5/18/2014,11/4/2015,3.0,Active,4,Debra Houlihan,15.0,Diversity Job Fair,Needs Improvement,2.4,4,0,1/16/2019,2,16,N/A - Still Employed,Requested relocation to another state office.,11.3,35.8,2,40
"Smith, Leigh Ann",10153,1,1,0,5,1,3,1,55000.0,1,2,1,10,1844,1987-06-14,0,1,2,No,2,9/26/2011,9/25/2013,5.0,Voluntarily Terminated,0,Brandon R. LeBlanc,1.0,Diversity Job Fair,Fully Meets,3.8,4,4,8/15/2013,0,17,Management style didn't align with my personal work ethics.,No request made,1.8,47.7,3,37
"Smith, Sade",10157,0,0,0,1,5,3,0,58939.0,0,19,22,10,2130,2065-02-02,0,3,2,No,5,11/11/2013,11/4/2015,3.0,Active,3,Ketsia Liebig,19.0,Employee Referral,Fully Meets,3.73,3,0,1/24/2019,0,16,N/A - Still Employed,Wants to move from Production to Admin for better hours.,7.0,35.8,0,40
"Soto, Julia",10119,1,1,0,1,3,3,0,66593.0,0,14,17,10,2360,2073-03-12,0,1,2,No,2,6/10/2011,11/4/2015,3.0,Active,2,Eric Dougall,6.0,LinkedIn,Fully Meets,4.3,3,5,2/8/2019,0,19,N/A - Still Employed,No request made,9.8,7.6,4,40
"Soze, Keyser",10180,1,1,1,2,3,3,0,87565.0,0,28,31,10,1545,1983-02-09,1,1,2,No,1,6/30/2016,11/4/2015,3.0,Active,2,Peter Monroe,7.0,LinkedIn,Fully Meets,3.27,4,5,1/14/2019,0,13,N/A - Still Employed,No request made,6.2,47.8,2,41
"Sparks, Taylor",10302,1,1,0,1,5,1,0,64021.0,0,19,22,10,2093,2068-07-20,0,1,2,No,5,2/20/2012,11/4/2015,3.0,Active,3,Brannon Miller,12.0,Indeed,PIP,2.4,2,1,2/25/2019,6,20,N/A - Still Employed,No request made,14.3,27.8,0,40
"Spirea, Kelley",10090,1,1,0,1,5,3,0,65714.0,0,18,21,10,2451,2075-09-30,0,1,2,No,5,10/2/2012,11/4/2015,3.0,Active,3,Janet King,2.0,LinkedIn,Fully Meets,4.83,5,0,2/14/2019,0,15,N/A - Still Employed,No request made,9.2,43.1,1,40
"Squatrito, Kristen",10030,0,2,0,5,5,4,0,62425.0,1,19,22,10,2359,2073-03-26,0,0,2,No,5,5/13/2013,6/29/2015,17.0,Voluntarily Terminated,3,David Stanley,14.0,LinkedIn,Exceeds,4.1,4,0,3/2/2015,0,16,Management style didn't align with my personal work ethics.,No request made,6.2,48.0,0,40
"Stanford,Barbara  M",10278,0,2,0,1,5,3,0,47961.0,0,19,22,10,2050,1982-08-25,0,0,2,No,4,1/10/2011,11/4/2015,3.0,Active,3,Kissy Sullivan,20.0,Google Search,Fully Meets,4.1,4,0,2/7/2019,0,9,N/A - Still Employed,No request made,12.0,5.7,0,42
"Stansfield, Norman",10307,1,1,1,1,6,1,0,58273.0,0,3,2,16,89139,2074-05-09,1,1,2,No,5,5/12/2014,11/4/2015,3.0,Active,4,Lynn Daneault,21.0,Website,PIP,1.81,2,0,1/17/2019,3,5,N/A - Still Employed,No request made,7.4,49.9,1,40
"Steans, Tyrone",10147,0,0,1,1,1,3,0,63003.0,0,1,0,10,2703,1986-09-01,1,3,2,No,5,9/29/2014,11/4/2015,3.0,Active,0,Brandon R. LeBlanc,1.0,Indeed,Fully Meets,3.9,5,5,1/18/2019,0,9,N/A - Still Employed,Seeking a change in management style.,9.2,25.2,3,38
"Stoica, Rick",10266,1,1,1,1,5,3,0,61355.0,0,19,22,10,2301,1985-03-14,1,1,2,No,1,2/17/2014,11/4/2015,3.0,Active,3,Kelley Spirea,18.0,LinkedIn,Fully Meets,4.7,3,0,1/11/2019,0,4,N/A - Still Employed,No request made,14.7,41.8,0,39
"Strong, Caitrin",10241,1,1,0,1,6,3,0,60120.0,0,3,2,12,59102,1989-05-12,0,1,2,No,2,9/27/2010,11/4/2015,3.0,Active,4,John Smith,17.0,Indeed,Fully Meets,4.1,4,0,1/31/2019,0,18,N/A - Still Employed,No request made,9.9,12.8,1,35
"Sullivan, Kissy",10158,1,1,0,1,5,3,0,63682.0,0,18,21,10,1776,1978-03-28,0,1,2,No,2,1/8/2009,11/4/2015,3.0,Active,3,Janet King,2.0,Indeed,Fully Meets,3.73,4,0,1/24/2019,0,12,N/A - Still Employed,No request made,13.4,9.4,0,46
"Sullivan, Timothy",10117,1,1,1,1,5,3,0,63025.0,0,19,22,10,2747,1982-10-07,1,1,2,Yes,5,1/5/2015,11/4/2015,3.0,Active,3,Michael Albert,22.0,Google Search,Fully Meets,4.36,5,0,1/24/2019,0,10,N/A - Still Employed,No request made,2.1,26.5,1,42
"Sutwell, Barbara",10209,0,0,0,1,5,3,0,59238.0,0,19,22,10,2718,2068-08-15,0,3,0,No,1,5/14/2012,11/4/2015,3.0,Active,3,Elijiah Gray,16.0,Indeed,Fully Meets,3.4,5,0,1/31/2019,0,13,N/A - Still Employed,No request made,13.4,38.8,1,40
"Szabo, Andrew",10024,0,0,1,1,4,4,0,92989.0,0,24,27,10,2140,1983-05-06,1,3,2,No,5,7/7/2014,11/4/2015,3.0,Active,5,Alex Sweetwater,10.0,LinkedIn,Exceeds,4.5,5,5,2/18/2019,0,1,N/A - Still Employed,No request made,7.3,36.2,4,41
"Tannen, Biff",10173,1,1,1,1,3,3,0,90100.0,0,4,3,10,2134,1987-10-24,1,1,2,No,5,4/20/2017,11/4/2015,3.0,Active,2,Brian Champaigne,13.0,Indeed,Fully Meets,3.4,3,6,1/2/2019,0,14,N/A - Still Employed,No request made,6.4,41.2,5,37
"Tavares, Desiree",10221,1,1,0,5,5,3,1,60754.0,1,19,22,10,1801,2075-04-03,0,1,1,No,2,4/27/2009,4/1/2013,0.0,Voluntarily Terminated,3,Webster Butler,39.0,Diversity Job Fair,Fully Meets,4.5,5,0,2/15/2012,0,11,The role evolved into something different than what was described during hiring.,No request made,3.3,26.8,0,40
"Tejeda, Lenora",10146,1,1,0,5,5,3,0,72202.0,1,20,23,10,2129,2053-05-24,0,1,2,No,5,5/16/2011,7/8/2017,0.0,Voluntarily Terminated,3,Elijiah Gray,16.0,Google Search,Fully Meets,3.93,3,0,4/18/2017,0,3,Found a position that allows for 100% remote work.,No request made,11.9,23.3,1,40
"Terry, Sharlene",10161,0,0,0,1,6,3,0,58370.0,0,3,2,19,97756,2065-05-07,0,3,2,No,2,9/29/2014,11/4/2015,3.0,Active,4,Lynn Daneault,21.0,Indeed,Fully Meets,3.69,3,0,1/28/2019,0,18,N/A - Still Employed,No request made,12.9,30.0,3,40
"Theamstern, Sophia",10141,0,0,0,5,5,3,0,48413.0,1,19,22,10,2066,2065-05-09,0,3,2,No,5,7/5/2011,9/5/2016,16.0,Voluntarily Terminated,3,Amy Dunn,11.0,Indeed,Fully Meets,3.98,4,0,3/2/2016,0,1,Personal reasons related to family relocation.,No request made,11.1,3.0,0,40
"Thibaud, Kenneth",10268,0,4,1,5,5,3,0,67176.0,1,20,23,10,2472,2075-09-16,1,4,2,No,5,6/25/2007,8/30/2010,10.0,Voluntarily Terminated,3,Webster Butler,39.0,Other,Fully Meets,4.1,4,0,7/14/2010,0,15,Offered a significantly higher salary at a competitor.,No request made,1.5,5.9,0,40
"Tippett, Jeanette",10123,0,2,0,1,5,3,0,56339.0,0,19,22,10,2093,2067-06-05,0,0,2,No,2,2/18/2013,11/4/2015,3.0,Active,3,Brannon Miller,12.0,Indeed,Fully Meets,4.21,5,0,1/14/2019,0,4,N/A - Still Employed,No request made,9.5,29.3,0,40
"Torrence, Jack",10013,0,3,1,1,6,4,0,64397.0,0,3,2,14,58782,2068-01-15,1,2,2,No,5,1/9/2006,11/4/2015,3.0,Active,4,Lynn Daneault,21.0,Indeed,Exceeds,4.1,3,0,1/4/2019,0,6,N/A - Still Employed,No request made,3.4,30.5,3,40
"Trang, Mei",10287,0,0,0,1,5,2,0,63025.0,0,19,22,10,2021,1983-05-16,0,3,2,No,5,2/17/2014,11/4/2015,3.0,Active,3,David Stanley,14.0,LinkedIn,Needs Improvement,2.44,5,0,2/11/2019,4,18,N/A - Still Employed,No request made,10.7,16.8,0,41
"Tredinnick, Neville",10044,1,1,1,5,3,3,0,75281.0,1,15,18,10,1420,1988-05-05,1,1,2,No,5,1/5/2015,2/12/2016,9.0,Voluntarily Terminated,2,Peter Monroe,7.0,CareerBuilder,Fully Meets,5.0,3,5,4/15/2015,0,11,Felt the growth opportunities were limited in the current department.,No request made,13.2,43.9,4,36
"True, Edward",10102,0,0,1,5,4,3,1,100416.0,1,24,27,10,2451,1983-06-14,1,3,1,No,2,2/18/2013,4/15/2018,9.0,Voluntarily Terminated,5,Alex Sweetwater,10.0,Diversity Job Fair,Fully Meets,4.6,3,4,2/12/2017,0,9,Management style didn't align with my personal work ethics.,No request made,1.0,24.9,3,41
"Trzeciak, Cybil",10270,0,0,0,5,5,3,0,74813.0,1,20,23,10,1778,1985-03-15,0,3,2,No,5,1/10/2011,7/2/2014,17.0,Voluntarily Terminated,3,Amy Dunn,11.0,LinkedIn,Fully Meets,4.4,3,0,1/5/2014,0,5,The role evolved into something different than what was described during hiring.,No request made,6.4,37.4,0,39
"Turpin, Jumil",10045,1,1,1,1,3,3,0,76029.0,0,15,18,10,2343,2069-03-31,1,1,0,No,5,3/30/2015,11/4/2015,3.0,Active,2,Peter Monroe,7.0,Employee Referral,Fully Meets,5.0,4,7,1/14/2019,0,8,N/A - Still Employed,No request made,5.6,30.2,3,40
"Valentin,Jackie",10205,1,1,0,1,6,3,0,57859.0,0,3,2,1,85006,1991-05-23,0,1,2,No,4,7/5/2011,11/4/2015,3.0,Active,4,John Smith,17.0,Indeed,Fully Meets,2.81,3,0,1/17/2019,0,16,N/A - Still Employed,No request made,7.4,44.4,1,33
"Veera, Abdellah",10014,0,2,1,5,5,4,0,58523.0,1,19,22,10,2171,1987-01-31,1,0,2,No,5,8/13/2012,2/5/2016,8.0,Voluntarily Terminated,3,Kissy Sullivan,20.0,LinkedIn,Exceeds,4.5,5,0,2/1/2016,0,15,Personal reasons related to family relocation.,No request made,6.4,12.2,0,37
"Vega, Vincent",10144,0,2,1,1,5,3,0,88976.0,0,17,21,10,2169,2068-10-10,1,0,2,No,5,8/1/2011,11/4/2015,3.0,Active,3,Janet King,2.0,Employee Referral,Fully Meets,3.93,3,0,2/27/2019,0,19,N/A - Still Employed,No request made,2.7,39.7,0,40
"Villanueva, Noah",10253,0,0,1,1,6,3,0,55875.0,0,3,2,11,4063,1989-07-11,1,3,2,No,1,3/5/2012,11/4/2015,3.0,Active,4,John Smith,17.0,Website,Fully Meets,4.5,4,0,1/18/2019,0,11,N/A - Still Employed,No request made,14.7,20.4,2,35
"Voldemort, Lord",10118,1,1,1,4,3,3,0,113999.0,1,8,9,10,1960,1986-08-07,1,1,2,No,2,2/16/2015,2/22/2017,12.0,Terminated for Cause,2,Simon Roup,4.0,Employee Referral,Fully Meets,4.33,3,7,2/15/2017,0,9,Commute was becoming too taxing on my work-life balance.,No request made,9.6,26.2,5,38
"Volk, Colleen",10022,1,1,0,4,5,4,0,49773.0,1,19,22,10,2747,1986-06-03,0,1,2,No,5,9/26/2011,2/8/2016,6.0,Terminated for Cause,3,Kelley Spirea,18.0,Google Search,Exceeds,4.3,5,0,2/1/2015,0,18,Offered a significantly higher salary at a competitor.,No request made,7.2,10.0,0,38
"Von Massenbach, Anna",10183,0,0,0,2,5,3,0,62068.0,0,19,22,10,2124,1985-04-06,0,3,2,No,5,7/5/2015,11/4/2015,3.0,Active,3,Michael Albert,22.0,LinkedIn,Fully Meets,3.21,3,0,1/29/2019,0,7,N/A - Still Employed,No request made,13.9,41.4,1,39
"Walker, Roger",10190,0,0,1,1,5,3,0,66541.0,0,20,23,10,2459,1976-02-10,1,3,2,No,2,8/18/2014,11/4/2015,3.0,Active,3,Ketsia Liebig,19.0,Employee Referral,Fully Meets,3.11,5,0,2/12/2019,0,4,N/A - Still Employed,No request made,4.2,42.4,1,48
"Wallace, Courtney  E",10274,1,1,0,5,5,3,1,80512.0,1,18,21,10,2478,2055-11-14,0,1,2,No,2,9/26/2011,1/2/2012,0.0,Voluntarily Terminated,3,Janet King,2.0,Diversity Job Fair,Fully Meets,4.5,3,0,1/2/2012,0,5,Offered a significantly higher salary at a competitor.,No request made,0.1,37.4,1,40
"Wallace, Theresa",10293,0,0,0,5,5,2,0,50274.0,1,19,22,10,1887,1980-08-02,0,3,2,No,5,8/13/2012,9/1/2015,5.0,Voluntarily Terminated,3,Elijiah Gray,16.0,CareerBuilder,Needs Improvement,2.5,3,0,9/5/2014,6,13,Commute was becoming too taxing on my work-life balance.,No request made,11.5,9.1,0,44
"Wang, Charlie",10172,0,0,1,1,3,3,0,84903.0,0,22,25,10,1887,1981-07-08,1,3,2,No,1,2/15/2017,11/4/2015,3.0,Active,2,Brian Champaigne,13.0,Indeed,Fully Meets,3.42,4,7,1/4/2019,0,17,N/A - Still Employed,No request made,7.2,47.5,3,43
"Warfield, Sarah",10127,0,4,0,1,3,3,0,107226.0,0,28,31,10,2453,1978-05-02,0,4,2,No,1,3/30/2015,11/4/2015,3.0,Active,2,Peter Monroe,7.0,Employee Referral,Fully Meets,4.2,4,8,2/5/2019,0,7,N/A - Still Employed,No request made,1.0,19.3,3,46
"Whittier, Scott",10072,0,0,1,5,5,3,0,58371.0,1,19,22,10,2030,1987-05-24,1,3,2,Yes,5,1/10/2011,5/15/2014,7.0,Voluntarily Terminated,3,Webster Butler,39.0,LinkedIn,Fully Meets,5.0,5,0,5/15/2014,0,11,Found a position that allows for 100% remote work.,No request made,11.8,29.3,0,37
"Wilber, Barry",10048,1,1,1,5,5,3,0,55140.0,1,19,22,10,2324,2065-09-09,1,1,0,No,5,5/16/2011,9/7/2015,17.0,Voluntarily Terminated,3,Amy Dunn,11.0,Website,Fully Meets,5.0,3,0,2/15/2015,0,7,Personal reasons related to family relocation.,No request made,9.7,6.4,1,40
"Wilkes, Annie",10204,0,2,0,5,5,3,0,58062.0,1,19,22,10,1876,1983-07-30,0,0,2,No,5,1/10/2011,5/14/2012,0.0,Voluntarily Terminated,3,Ketsia Liebig,19.0,Google Search,Fully Meets,3.6,5,0,2/6/2011,0,9,The role evolved into something different than what was described during hiring.,No request made,3.3,36.7,0,41
"Williams, Jacquelyn",10264,0,0,0,5,5,3,1,59728.0,1,19,22,10,2109,2069-10-02,0,3,2,Yes,2,1/9/2012,6/27/2015,14.0,Voluntarily Terminated,3,Ketsia Liebig,19.0,Diversity Job Fair,Fully Meets,4.3,4,0,6/2/2014,0,16,Felt the growth opportunities were limited in the current department.,Looking for a role with more client interaction.,2.0,20.5,0,40
"Winthrop, Jordan",10033,0,0,1,5,5,4,0,70507.0,1,20,23,10,2045,2058-11-07,1,3,2,No,5,1/7/2013,2/21/2016,15.0,Voluntarily Terminated,3,Brannon Miller,12.0,LinkedIn,Exceeds,5.0,3,0,1/19/2016,0,7,Offered a significantly higher salary at a competitor.,No request made,11.5,2.7,0,40
"Wolk, Hang  T",10174,0,0,0,1,5,3,0,60446.0,0,20,23,10,2302,1985-04-20,0,3,2,No,5,9/29/2014,11/4/2015,3.0,Active,3,David Stanley,14.0,LinkedIn,Fully Meets,3.4,4,0,2/21/2019,0,14,N/A - Still Employed,No request made,5.2,30.9,0,39
"Woodson, Jason",10135,0,0,1,1,5,3,0,65893.0,0,20,23,10,1810,1985-05-11,1,3,2,No,5,7/7/2014,11/4/2015,3.0,Active,3,Kissy Sullivan,20.0,LinkedIn,Fully Meets,4.07,4,0,2/28/2019,0,13,N/A - Still Employed,No request made,4.2,27.9,1,39
"Ybarra, Catherine",10301,0,0,0,5,5,1,0,48513.0,1,19,22,10,2458,1982-05-04,0,3,2,No,1,9/2/2008,9/29/2015,0.0,Voluntarily Terminated,3,Brannon Miller,12.0,Google Search,PIP,3.2,2,0,9/2/2015,5,4,Personal reasons related to family relocation.,No request made,11.1,1.1,1,42
"Zamora, Jennifer",10010,0,0,0,1,3,4,0,220450.0,0,6,5,10,2067,1979-08-30,0,3,2,No,5,4/10/2010,11/4/2015,3.0,Active,2,Janet King,2.0,Employee Referral,Exceeds,4.6,5,6,2/21/2019,0,16,N/A - Still Employed,No request made,5.4,10.7,3,45
"Zhou, Julia",10043,0,0,0,1,3,3,0,89292.0,0,9,6,10,2148,1979-02-24,0,3,2,No,5,3/30/2015,11/4/2015,3.0,Active,2,Simon Roup,4.0,Employee Referral,Fully Meets,5.0,3,5,2/1/2019,0,11,N/A - Still Employed,No request made,8.9,12.9,2,45
"Zima, Colleen",10271,0,4,0,1,5,3,0,45046.0,0,19,22,10,1730,1978-08-17,0,4,2,No,1,9/29/2014,11/4/2015,3.0,Active,3,David Stanley,14.0,LinkedIn,Fully Meets,4.5,5,0,1/30/2019,0,2,N/A - Still Employed,No request made,11.0,19.6,0,46
vv,1,0,0,0,1,5,0,0,500000.0,0,19,0,10,1886,2075-12-17,0,0,0,No,0,2018-07-09,<NA>,,Active,5,Alex Sweetwater,12.0,Indeed,Exceeds,0.0,0,0,1/14/2019,0,0,<NA>,No request made,0.0,0.0,0,40
test,11,0,0,0,1,5,3,1,45000.0,0,19,10,10,1886,2075-12-17,1,2,1,No,3,2018-07-09,<NA>,,Active,3,Alex Sweetwater,12.0,Indeed,Exceeds,1.1,56,3,1/14/2019,0,0,<NA>,No request made,0.0,0.0,0,40
test,8,0,0,0,1,5,3,1,48000.0,0,19,0,10,1886,2075-12-17,0,0,0,No,0,2018-07-09,<NA>,,Active,0,Alex Sweetwater,12.0,Indeed,Exceeds,0.9999999999999999,2,2,1/14/2019,0,0,<NA>,No request made,0.0,0.0,0,40
